dataset_id,split,engine_id,cycle,rul_pred,anomaly_score,anomaly_raw,is_validation_subset,row_id
DS07,train,1,1,51.220936,8.935571260693109e-08,25.69892477002751,True,1
DS07,train,1,2,54.74727,1.9350713115207085e-06,29.40801837288853,True,2
DS07,train,1,3,53.405346,4.990116903247355e-06,30.725386645556306,True,3
DS07,train,1,4,59.296295,0.0305569021637179,51.25637026663492,True,4
DS07,train,1,5,55.419704,4.809475317224532e-06,30.672296936183677,True,5
DS07,train,1,6,55.798096,6.950107156455943e-12,17.772088834759614,True,6
DS07,train,1,7,58.14968,9.992007221626409e-16,13.028397892081628,True,7
DS07,train,1,8,55.271275,2.6497734673114337e-08,24.42787563024053,True,8
DS07,train,1,9,52.885952,3.8217674358520526e-08,24.800782623849823,True,9
DS07,train,1,10,54.892654,3.3227944173930275e-08,24.65733961989536,True,10
DS07,train,1,11,55.833652,1.7385759498722564e-11,18.37958907172407,True,11
DS07,train,1,12,54.1998,2.7953702907979053e-08,24.481820562345277,True,12
DS07,train,1,13,56.368565,2.253752739989068e-14,14.507471465793833,True,13
DS07,train,1,14,50.411247,6.997814202436281e-06,31.21953201474364,True,14
DS07,train,1,15,47.268085,1.402877425860094e-05,32.2793488309735,True,15
DS07,train,1,16,50.92322,1.8048382756097323e-06,29.314795372236983,True,16
DS07,train,1,17,53.71186,2.029322670060729e-05,32.8673382387465,True,17
DS07,train,1,18,49.00343,7.37099270509134e-12,17.810246662080996,True,18
DS07,train,1,19,53.39237,0.0002462353654438,37.40695461850858,True,19
DS07,train,1,20,48.69617,5.422309601321729e-09,22.903704702601782,True,20
DS07,train,1,21,56.80574,3.088566263553805e-05,33.55943128827011,True,21
DS07,train,1,22,52.423775,9.304221425532332e-07,28.45158466679436,True,22
DS07,train,1,23,42.381126,0.0016127415787113,41.70610738699247,True,23
DS07,train,1,24,41.60204,1.8701186792480229e-06,29.36227576635259,True,24
DS07,train,1,25,47.533653,2.135153995053152e-06,29.54049465469347,True,25
DS07,train,1,26,52.907715,8.95494789432405e-12,17.937343748755083,True,26
DS07,train,1,27,50.222782,6.775553451632277e-10,21.10405217027516,True,27
DS07,train,1,28,47.764362,4.708263824815262e-06,30.64174240720387,True,28
DS07,train,1,29,49.976944,3.7800840235746586e-10,20.634716592839787,True,29
DS07,train,1,30,47.476055,7.735385454399335e-08,25.54299218581636,True,30
DS07,train,1,31,51.14938,1.5176637724323427e-11,18.287838829832477,True,31
DS07,train,1,32,37.304413,4.274948552929203e-07,27.48902531379485,True,32
DS07,train,1,33,48.007923,4.316850210628331e-10,20.74022701742465,True,33
DS07,train,1,34,34.573307,0.2170766695947613,62.402919651931086,True,34
DS07,train,1,35,39.87232,2.3314683517128287e-15,13.414561915572174,True,35
DS07,train,1,36,50.23447,0.0001453563784069,36.35461943294064,True,36
DS07,train,1,37,37.48264,1.5637507745358548e-06,29.124449128194463,True,37
DS07,train,1,38,38.18495,8.140538188317059e-06,31.444928995644663,True,38
DS07,train,1,39,36.032955,8.464727807577788e-10,21.286964891738933,True,39
DS07,train,1,40,38.41348,4.21064502487134e-07,27.470778052376417,True,40
DS07,train,1,41,31.777273,2.499988767890038e-06,29.75492428535353,True,41
DS07,train,1,42,31.60151,0.0073392689639852,46.03418444685779,True,42
DS07,train,1,43,38.379875,1.3939382981220658e-10,19.865033235959302,True,43
DS07,train,1,44,32.30411,3.305133944309091e-13,15.932274230885644,True,44
DS07,train,1,45,32.724922,4.864063152254516e-09,22.80440660975865,True,45
DS07,train,1,46,32.1052,6.524488611825419e-06,31.116092226530743,True,46
DS07,train,1,47,29.39493,3.3169163304869194e-08,24.655532172480733,True,47
DS07,train,1,48,22.500948,0.0001457502982743,36.359878528797424,True,48
DS07,train,1,49,26.745573,4.519196128427439e-11,19.042095108766944,True,49
DS07,train,1,50,20.837448,0.0009152754084407,40.3074027603717,True,50
DS07,train,1,51,23.358335,0.0119660790222336,47.66680470385485,True,51
DS07,train,1,52,17.917875,3.809051962733178e-10,20.64076284309484,True,52
DS07,train,1,53,18.724628,5.2451376575390896e-12,17.59090225859334,True,53
DS07,train,1,54,13.845971,0.1518332835891964,59.75244249597074,True,54
DS07,train,1,55,14.648088,2.0319322890927083e-09,22.02845650012206,True,55
DS07,train,1,56,13.95634,3.645483914738179e-11,18.89035351471407,True,56
DS07,train,1,57,12.06707,4.933405826257342e-05,34.3622324645545,True,57
DS07,train,1,58,11.994165,5.711172645916918e-10,20.96509406285049,True,58
DS07,train,1,59,10.983468,1.0975466280260805e-07,25.923724709544462,True,59
DS07,train,1,60,8.951257,0.0026906538886517,43.06273356624144,True,60
DS07,train,1,61,7.907548,2.684203268521479e-05,33.325367896046366,True,61
DS07,train,1,62,4.9661446,0.0475952920178937,53.229119775895526,True,62
DS07,train,1,63,6.972036,2.1741197346880625e-05,32.979179994082486,True,63
DS07,train,1,64,4.42005,0.1101586018248095,57.68895634980437,True,64
DS07,train,1,65,4.79042,0.0131138707886798,47.98888175063602,True,65
DS07,train,1,66,4.014494,0.5197694303267888,71.92776093650129,True,66
DS07,train,1,67,1.5166647,0.2336719044970918,63.00820476681829,True,67
DS07,train,2,1,53.664482,9.559463298725036e-08,25.772384377726627,False,68
DS07,train,2,2,50.02075,0.0002889367836306,37.7379026212882,False,69
DS07,train,2,3,55.1154,2.8666046314462793e-08,24.507258934483986,False,70
DS07,train,2,4,54.249958,8.894336372988754e-05,35.42318922826374,False,71
DS07,train,2,5,55.886856,3.435807194307472e-12,17.32309195519195,False,72
DS07,train,2,6,54.420036,4.696780742108331e-10,20.80764176473426,False,73
DS07,train,2,7,53.541378,3.2052419607353504e-09,22.428872999003666,False,74
DS07,train,2,8,59.64297,0.0319757819177799,51.44895856675971,False,75
DS07,train,2,9,56.487217,2.455700549575113e-07,26.833685464019155,False,76
DS07,train,2,10,56.838287,0.2267605891405113,62.758702482517855,False,77
DS07,train,2,11,52.860447,0.0083354222736965,46.44603408466699,False,78
DS07,train,2,12,50.04977,2.0475347790704923e-05,32.88179900569284,False,79
DS07,train,2,13,54.416847,3.905373867962858e-06,30.37531592320515,False,80
DS07,train,2,14,49.480495,0.0103286699719945,47.16051086440707,False,81
DS07,train,2,15,50.900383,2.221464693019648e-05,33.01427520011157,False,82
DS07,train,2,16,53.435463,6.728100349073785e-07,28.043972892368124,False,83
DS07,train,2,17,53.73761,6.443327101868235e-07,27.99029463526567,False,84
DS07,train,2,18,52.189716,4.099378536626119e-08,24.873144041855166,False,85
DS07,train,2,19,53.990467,4.980660328612885e-11,19.11130021709269,False,86
DS07,train,2,20,49.581055,0.0213074157069206,49.79362847779073,False,87
DS07,train,2,21,50.094578,4.833992970132428e-06,30.67960929206807,False,88
DS07,train,2,22,54.39429,0.0219419290188317,49.90848701278806,False,89
DS07,train,2,23,54.58572,0.0003614317515576,38.21089415973144,False,90
DS07,train,2,24,53.76207,0.3047688352327807,65.41131134632664,False,91
DS07,train,2,25,52.62004,6.902481919368597e-09,23.12652607921262,False,92
DS07,train,2,26,48.446323,3.263637693429189e-09,22.44494592298668,False,93
DS07,train,2,27,52.74492,1.431233890292205e-07,26.21838708220401,False,94
DS07,train,2,28,53.271015,5.827005544745134e-11,19.223723010346568,False,95
DS07,train,2,29,50.98447,0.0649560254107528,54.75380669692823,False,96
DS07,train,2,30,51.578552,2.2065149085648275e-07,26.709987286009948,False,97
DS07,train,2,31,46.67611,1.1418499479276534e-09,21.536439783118507,False,98
DS07,train,2,32,48.59361,1.816484740402302e-09,21.93154143081665,False,99
DS07,train,2,33,47.58945,9.812107792939171e-10,21.409566472188367,False,100
DS07,train,2,34,40.985794,0.0217642414864395,49.876590000978496,False,101
DS07,train,2,35,48.511127,2.922169491936799e-07,27.03664274161241,False,102
DS07,train,2,36,48.05773,4.146149821226963e-05,34.060240734506976,False,103
DS07,train,2,37,40.52808,7.43448779672029e-06,31.30940413899834,False,104
DS07,train,2,38,39.19874,0.0128318734425825,47.91194729401827,False,105
DS07,train,2,39,42.663635,2.5341062581674123e-11,18.63717219385072,False,106
DS07,train,2,40,41.163498,0.0067136915244981,45.751062720737615,False,107
DS07,train,2,41,42.710457,0.4657037725569439,70.31207047922004,False,108
DS07,train,2,42,42.192223,1.4362039002513429e-08,23.822462631551407,False,109
DS07,train,2,43,40.910393,8.091557296718843e-05,35.248892437260324,False,110
DS07,train,2,44,38.50962,9.305790693581173e-09,23.406685728200333,False,111
DS07,train,2,45,46.30515,2.6462325883436225e-05,33.301764871557936,False,112
DS07,train,2,46,42.224453,1.3565511506330452e-06,28.937716647224065,False,113
DS07,train,2,47,41.769825,0.000146159239645,36.36532466980411,False,114
DS07,train,2,48,34.10339,8.287000419215929e-09,23.297375256371566,False,115
DS07,train,2,49,40.93385,2.044910998988403e-05,32.879722938881024,False,116
DS07,train,2,50,30.401741,8.22468098071738e-07,28.295410477488502,False,117
DS07,train,2,51,32.913227,2.8920138839261256e-08,24.51618934557636,False,118
DS07,train,2,52,31.64747,4.761497773841938e-07,27.61934824519895,False,119
DS07,train,2,53,30.575226,2.673934851316062e-09,22.268433023414296,False,120
DS07,train,2,54,31.291788,0.0001769551875151,36.74065894466708,False,121
DS07,train,2,55,31.651787,8.277710850101982e-09,23.2963214659416,False,122
DS07,train,2,56,31.285454,9.184224757474713e-05,35.48264768269898,False,123
DS07,train,2,57,27.058268,0.315670015760324,65.7598384150717,False,124
DS07,train,2,58,23.269066,1.9481083413097618e-12,16.972126702314412,False,125
DS07,train,2,59,23.002275,0.0022036713452564,42.522227213609376,False,126
DS07,train,2,60,23.073786,2.091824811367715e-06,29.512811180482856,False,127
DS07,train,2,61,27.426403,0.002618474420077,42.98822916224232,False,128
DS07,train,2,62,19.376705,2.484314787221109e-08,24.36308328752292,False,129
DS07,train,2,63,21.782751,9.747910597157627e-06,31.717074498372472,False,130
DS07,train,2,64,20.204182,8.572864640399303e-10,21.297462720932643,False,131
DS07,train,2,65,17.319431,1.148641552317642e-06,28.721598906525863,False,132
DS07,train,2,66,17.443823,1.2534767371619182e-05,32.10361779765833,False,133
DS07,train,2,67,16.211065,1.4549384141915313e-08,23.835044763873967,False,134
DS07,train,2,68,18.15,0.0193097758179131,49.41336142832789,False,135
DS07,train,2,69,14.994396,4.945577614101637e-09,22.81955603492555,False,136
DS07,train,2,70,13.88611,0.0004336687019902,38.60457442255023,False,137
DS07,train,2,71,12.311513,6.983631228862919e-09,23.137395367318287,False,138
DS07,train,2,72,12.230695,0.0135065515505279,48.09380217376989,False,139
DS07,train,2,73,10.788693,2.4318252844768296e-07,26.82235394396033,False,140
DS07,train,2,74,10.137587,1.6619106091297908e-10,19.997815291770888,False,141
DS07,train,2,75,9.421679,0.7957688574545564,81.66036344728725,False,142
DS07,train,2,76,8.614391,6.536026008197027e-06,31.11869456640693,False,143
DS07,train,2,77,9.227065,3.736348136440526e-07,27.327558858942496,False,144
DS07,train,2,78,9.338214,0.0095868730079498,46.90912128639872,False,145
DS07,train,2,79,5.4173293,0.0007690116067587,39.89692142519185,False,146
DS07,train,2,80,5.176936,7.772726242527561e-05,35.17529783954745,False,147
DS07,train,2,81,4.443948,0.0003926139870019,38.3887031988573,False,148
DS07,train,2,82,3.878883,0.0034248293105806,43.73661960325063,False,149
DS07,train,2,83,2.8403108,4.386537752365527e-06,30.540426493266597,False,150
DS07,train,2,84,4.234782,0.0057938032816199,45.29171963977923,False,151
DS07,train,2,85,2.7940266,0.4108610837978608,68.67882097115528,False,152
DS07,train,3,1,56.294113,6.73541222795393e-11,19.328291255933237,False,153
DS07,train,3,2,51.2655,2.929354668390616e-06,29.97295098257139,False,154
DS07,train,3,3,60.32046,0.004385029340745,44.45210960549274,False,155
DS07,train,3,4,59.41146,4.969358258222202e-13,16.163973981252145,False,156
DS07,train,3,5,52.20481,1.888487144441342e-09,21.965085200556786,False,157
DS07,train,3,6,41.522457,4.1449443544117066e-08,24.88457962401297,False,158
DS07,train,3,7,54.909355,2.8675495311603067e-10,20.417524877088653,False,159
DS07,train,3,8,53.38693,7.668484447442837e-08,25.53364698667002,False,160
DS07,train,3,9,53.202072,1.0834857399610875e-05,31.878608128837385,False,161
DS07,train,3,10,45.139404,0.0025365562976544,42.90150365456918,False,162
DS07,train,3,11,47.196785,1.7211230018965298e-07,26.426136925049175,False,163
DS07,train,3,12,56.47118,0.0001751443232448,36.72027959064155,False,164
DS07,train,3,13,53.243896,5.260236690673993e-13,16.196655062372933,False,165
DS07,train,3,14,44.260643,8.704710548157468e-05,35.3833409873143,False,166
DS07,train,3,15,56.1486,4.128283580195902e-05,34.05280000855885,False,167
DS07,train,3,16,48.88866,8.419753783073247e-11,19.49089817192964,False,168
DS07,train,3,17,44.587425,7.76706864380472e-07,28.223380627884765,False,169
DS07,train,3,18,56.505173,0.0035660967253546,43.85184336999628,False,170
DS07,train,3,19,54.605476,4.7397542973781626e-06,30.651313362610534,False,171
DS07,train,3,20,50.87657,7.143741154180816e-11,19.37099250649473,False,172
DS07,train,3,21,56.12466,2.981601169294024e-07,27.060292752310914,False,173
DS07,train,3,22,43.5158,4.867608649483657e-09,22.80507049560915,False,174
DS07,train,3,23,52.985428,0.0006190744686045,39.39745682833767,False,175
DS07,train,3,24,47.7042,5.245803791353866e-13,16.195032856978514,False,176
DS07,train,3,25,43.454353,7.913555293836971e-06,31.402579954546468,False,177
DS07,train,3,26,45.821648,5.57150981128629e-06,30.884988930946143,False,178
DS07,train,3,27,54.1596,3.1863400806742e-13,15.911746452491526,False,179
DS07,train,3,28,44.772522,0.0085459846523444,46.52780836377187,False,180
DS07,train,3,29,49.069862,1.3646328511640604e-10,19.849069605905648,False,181
DS07,train,3,30,55.88887,2.478759419943799e-10,20.304251280809385,False,182
DS07,train,3,31,43.48157,0.9947303703792229,106.36484822335072,False,183
DS07,train,3,32,40.304844,6.544339995584458e-06,31.1205672246092,False,184
DS07,train,3,33,49.38069,3.761033708515882e-05,33.892976485183574,False,185
DS07,train,3,34,51.491806,1.165367609523571e-05,31.99074935478317,False,186
DS07,train,3,35,43.30215,3.6938897496341375e-09,22.55563275820943,False,187
DS07,train,3,36,35.56673,7.75224112725681e-06,31.37179874125737,False,188
DS07,train,3,37,42.664677,0.0046694884494931,44.63837084453787,False,189
DS07,train,3,38,41.587376,7.1974555204690205e-09,23.1654754753962,False,190
DS07,train,3,39,39.885353,0.0008525373460238,40.13895589253214,False,191
DS07,train,3,40,40.241623,2.610569449501554e-08,24.412874454905864,False,192
DS07,train,3,41,38.18995,1.4670788583970308e-08,23.843117186228028,False,193
DS07,train,3,42,40.2654,0.0009618984571948,40.42613727878696,False,194
DS07,train,3,43,39.368458,5.870162023136061e-09,22.97662806096196,False,195
DS07,train,3,44,45.326958,0.000163271481914,36.581776870109024,False,196
DS07,train,3,45,36.2486,2.1166313368681244e-08,24.20322072994618,False,197
DS07,train,3,46,30.43654,4.098574710731384e-07,27.438346582216127,False,198
DS07,train,3,47,33.684013,3.382849556032852e-13,15.945268850398188,False,199
DS07,train,3,48,34.88441,5.831827117996902e-06,30.95152776701687,False,200
DS07,train,3,49,32.675278,5.366769008086081e-06,30.830612630093185,False,201
DS07,train,3,50,32.377956,5.5293657430510734e-09,22.921639269507065,False,202
DS07,train,3,51,30.218245,1.3736593300617272e-06,28.95410315138895,False,203
DS07,train,3,52,31.285095,3.359462881213915e-05,33.701070533781845,False,204
DS07,train,3,53,27.066788,4.8601244917456654e-08,25.050121466208367,False,205
DS07,train,3,54,26.098335,5.224228910583051e-06,30.7916158519361,False,206
DS07,train,3,55,26.347923,5.600454943133215e-07,27.81739587748172,False,207
DS07,train,3,56,23.72841,3.992773001115779e-09,22.62557437604066,False,208
DS07,train,3,57,21.515442,1.5384009721675085e-07,26.299420704877782,False,209
DS07,train,3,58,23.933128,6.171121190223783e-05,34.758275227956744,False,210
DS07,train,3,59,23.245045,0.0004726841386843,38.79352145300551,False,211
DS07,train,3,60,19.350426,6.9483123110059e-05,34.97151965505398,False,212
DS07,train,3,61,19.74088,3.30940079340536e-07,27.18332960481431,False,213
DS07,train,3,62,19.154985,2.4662494269023227e-11,18.618458441204773,False,214
DS07,train,3,63,16.029806,2.1434051907798235e-06,29.54570743302816,False,215
DS07,train,3,64,15.8508415,0.0042682164084242,44.372643759254686,False,216
DS07,train,3,65,16.182747,0.0226342850487558,50.030859482618055,False,217
DS07,train,3,66,14.6881,0.0013948423286405,41.33800390656265,False,218
DS07,train,3,67,14.441308,9.09611109990438e-05,35.464756334980265,False,219
DS07,train,3,68,12.988141,5.891667303203896e-05,34.67560839844057,False,220
DS07,train,3,69,13.304014,0.0004583721997112,38.72587462081584,False,221
DS07,train,3,70,9.977341,2.596426641909844e-06,29.806753475834117,False,222
DS07,train,3,71,8.686483,5.021539355432037e-05,34.39326183620511,False,223
DS07,train,3,72,8.113931,2.4631085642656814e-05,33.1834044561964,False,224
DS07,train,3,73,7.853884,0.0039061277336709,44.114006594479626,False,225
DS07,train,3,74,5.4311223,0.0032594615371713,43.596467883233984,False,226
DS07,train,3,75,7.2069135,0.0021695150650945,42.48056624841448,False,227
DS07,train,3,76,6.2144623,1.755507923473232e-07,26.44856770454164,False,228
DS07,train,3,77,2.3702254,0.5450701934702569,72.69423207762651,False,229
DS07,train,3,78,1.5247998,0.799271159480677,81.82258757729599,False,230
DS07,train,4,1,59.74622,1.1622133111455213e-07,25.98684378898781,False,231
DS07,train,4,2,61.800922,2.755401573573124e-09,22.294888503758184,False,232
DS07,train,4,3,59.587387,7.430389636908785e-12,17.815467878110013,False,233
DS07,train,4,4,54.76352,2.5868196473766147e-14,14.576270451476551,False,234
DS07,train,4,5,56.16296,4.4239250041044906e-09,22.71822489816208,False,235
DS07,train,4,6,61.321922,1.4198632269923903e-09,21.720636973885615,False,236
DS07,train,4,7,59.126247,1.6653345369377348e-15,13.276616726741295,False,237
DS07,train,4,8,57.242397,2.3314683517128287e-15,13.420203981972094,False,238
DS07,train,4,9,54.218517,2.368082396841942e-10,20.26891672262123,False,239
DS07,train,4,10,57.974045,2.522093645040968e-12,17.130715750728516,False,240
DS07,train,4,11,59.134647,9.187008745970004e-07,28.435467160134152,False,241
DS07,train,4,12,56.514404,1.1102230246251563e-16,12.206992730919268,False,242
DS07,train,4,13,61.700615,4.924859631105782e-06,30.706415302476096,False,243
DS07,train,4,14,54.61461,6.9622887455267354e-09,23.13454829387706,False,244
DS07,train,4,15,58.11519,0.0,10.49886792805752,False,245
DS07,train,4,16,54.95424,4.459027246550562e-06,30.56383865671052,False,246
DS07,train,4,17,62.805832,6.470596869423417e-08,25.35194185988597,False,247
DS07,train,4,18,55.553402,4.023148481024919e-11,18.959773852125736,False,248
DS07,train,4,19,57.822544,2.664535259100376e-15,13.487546631679235,False,249
DS07,train,4,20,57.407978,7.722129424792001e-07,28.21609576292369,False,250
DS07,train,4,21,57.92297,7.595490902900792e-11,19.415613363287854,False,251
DS07,train,4,22,58.283367,4.442002321525252e-13,16.099717640893886,False,252
DS07,train,4,23,52.251534,3.3772905694284816e-08,24.67395512270818,False,253
DS07,train,4,24,50.759377,2.1760371282653068e-14,14.488208517137046,False,254
DS07,train,4,25,60.585716,1.516055476713518e-06,29.08359107201276,False,255
DS07,train,4,26,56.54129,2.8318458689113868e-12,17.202460712274576,False,256
DS07,train,4,27,50.305706,1.1865697485236026e-05,32.0186069748151,False,257
DS07,train,4,28,57.234657,6.479372594014876e-12,17.726719471547398,False,258
DS07,train,4,29,53.35601,7.744965224709688e-09,23.23394342596941,False,259
DS07,train,4,30,48.74623,5.320516138773713e-08,25.144981937809057,False,260
DS07,train,4,31,52.735237,2.4161111999987384e-09,22.179384976079746,False,261
DS07,train,4,32,47.475227,1.1102230246251563e-15,13.103179203654586,False,262
DS07,train,4,33,52.032173,2.1140411421427533e-08,24.202004557362,False,263
DS07,train,4,34,51.64061,7.842560822979294e-09,23.245667086160463,False,264
DS07,train,4,35,54.325268,0.0,11.3180132562172,False,265
DS07,train,4,36,49.765045,2.6387447782383333e-10,20.35277101608244,False,266
DS07,train,4,37,55.178146,7.7090556160897e-12,17.839422789308657,False,267
DS07,train,4,38,47.968956,1.8258241595292544e-06,29.3302301070255,False,268
DS07,train,4,39,50.08593,2.922662112325725e-12,17.222082082803734,False,269
DS07,train,4,40,57.03052,3.136890747157395e-11,18.785188643342156,False,270
DS07,train,4,41,49.289112,1.4432899320127037e-15,13.201181279086017,False,271
DS07,train,4,42,50.990456,5.700330429903033e-09,22.94961245160834,False,272
DS07,train,4,43,45.07595,9.992007221626409e-16,13.046412626067342,False,273
DS07,train,4,44,44.195515,8.152361286040134e-08,25.59958687517907,False,274
DS07,train,4,45,45.663548,3.6870506647801454e-13,15.993916008197218,False,275
DS07,train,4,46,56.296394,1.4970953476911575e-08,23.862809171623297,False,276
DS07,train,4,47,43.19286,1.1102230246251563e-16,11.99238087271452,False,277
DS07,train,4,48,47.037594,4.304292366974494e-09,22.69340166100281,False,278
DS07,train,4,49,40.14761,1.1102230246251563e-16,11.8884070832937,False,279
DS07,train,4,50,39.36808,2.7152666559615568e-08,24.452477312272663,False,280
DS07,train,4,51,47.36881,5.699891439947535e-07,27.83900768279192,False,281
DS07,train,4,52,38.929356,3.556790431180623e-06,30.24352472239281,False,282
DS07,train,4,53,43.145214,1.1436836987455123e-06,28.71601430850636,False,283
DS07,train,4,54,34.545017,4.407585407761872e-14,14.846794324845163,False,284
DS07,train,4,55,36.853294,1.330296439672196e-08,23.748292577077407,False,285
DS07,train,4,56,29.25863,1.8907695409353664e-09,21.966128612032797,False,286
DS07,train,4,57,30.080542,5.336862199945003e-07,27.75832953972518,False,287
DS07,train,4,58,28.497408,4.266587083634477e-13,16.07682352795554,False,288
DS07,train,4,59,30.64169,1.7338153135426635e-10,20.02998123645161,False,289
DS07,train,4,60,23.2083,1.0727793098297411e-09,21.48409930452874,False,290
DS07,train,4,61,25.723253,2.2049029269055611e-13,15.706350720920614,False,291
DS07,train,4,62,32.007046,2.0601631511851792e-11,18.495028194607045,False,292
DS07,train,4,63,19.21359,2.3305910534787703e-09,22.147856309794065,False,293
DS07,train,4,64,18.92848,1.770805724277125e-13,15.585720935896743,False,294
DS07,train,4,65,20.840925,8.851872568271801e-09,23.359450175207776,False,295
DS07,train,4,66,15.514952,1.5365244632192796e-09,21.78792838983377,False,296
DS07,train,4,67,14.368584,1.3319181313420356e-09,21.666360754134075,False,297
DS07,train,4,68,13.284282,2.2160051571518127e-13,15.7092330800047,False,298
DS07,train,4,69,14.383232,1.2583079256334173e-07,26.07481908042228,False,299
DS07,train,4,70,13.915765,1.3523605546517106e-07,26.155039002244024,False,300
DS07,train,4,71,11.559533,7.151821708184514e-07,28.12005494763257,False,301
DS07,train,4,72,10.510957,5.043192421005927e-06,30.740648698743318,False,302
DS07,train,4,73,8.733148,1.7040933109058187e-09,21.87658390361413,False,303
DS07,train,4,74,6.905863,1.3166134849029733e-12,16.735137081040165,False,304
DS07,train,4,75,4.7411356,0.0003080740830401,37.872227925831,False,305
DS07,train,4,76,4.7671103,9.751065133123404e-08,25.794044609655774,False,306
DS07,train,4,77,4.381547,0.0002055925751122,37.0403158713614,False,307
DS07,train,4,78,2.0970259,1.112113593437769e-07,25.938241017530387,False,308
DS07,train,4,79,1.3388183,0.0009445677178031,40.38260300716392,False,309
DS07,train,5,1,58.213017,0.0,10.83458264714666,False,310
DS07,train,5,2,60.969223,4.592992652874274e-13,16.118797696643924,False,311
DS07,train,5,3,65.9911,1.4841556539302305e-08,23.854366183102886,False,312
DS07,train,5,4,55.83555,2.153879685717897e-08,24.220557027741958,False,313
DS07,train,5,5,65.17819,7.634297660708e-08,25.528842021760823,False,314
DS07,train,5,6,56.577076,7.613169761278016e-09,23.217888724603142,False,315
DS07,train,5,7,58.64426,0.0,10.378733165807615,False,316
DS07,train,5,8,56.22517,1.3422639475568763e-05,32.21022324682849,False,317
DS07,train,5,9,58.844105,7.519540545786185e-12,17.823219502129227,False,318
DS07,train,5,10,57.02777,6.804755425804387e-09,23.11327547901743,False,319
DS07,train,5,11,59.90356,6.438938271458028e-11,19.295718531436957,False,320
DS07,train,5,12,61.544567,1.3722100122848244e-09,21.691635091333435,False,321
DS07,train,5,13,62.43076,1.640224637999843e-06,29.187610423002745,False,322
DS07,train,5,14,59.622475,1.442725050537774e-09,21.734225653335383,False,323
DS07,train,5,15,53.44772,2.3046063946097206e-09,22.138060019435105,False,324
DS07,train,5,16,60.283184,1.9799802686293333e-08,24.13706518127965,False,325
DS07,train,5,17,58.55899,6.032389709975661e-07,27.908810380548843,False,326
DS07,train,5,18,50.69216,6.661338147750939e-15,13.91219172281991,False,327
DS07,train,5,19,57.62816,6.38378239159465e-14,15.039442087036193,False,328
DS07,train,5,20,58.095036,2.0253924049029592e-07,26.611600223934904,False,329
DS07,train,5,21,58.098186,6.7575944839859395e-12,17.75389686790639,False,330
DS07,train,5,22,55.44326,1.809663530139005e-14,14.398675129358937,False,331
DS07,train,5,23,59.53306,1.2597383136636606e-09,21.61922083555347,False,332
DS07,train,5,24,56.480137,1.5543122344752194e-15,13.228969224514586,False,333
DS07,train,5,25,57.018185,6.405986852087153e-14,15.04108309827673,False,334
DS07,train,5,26,54.341965,3.106181978296263e-12,17.26001279911678,False,335
DS07,train,5,27,54.632946,7.698815140955162e-09,23.22835113028094,False,336
DS07,train,5,28,56.454926,2.3017742445397005e-07,26.75874481107219,False,337
DS07,train,5,29,47.377914,2.877331262141069e-09,22.33313587121131,False,338
DS07,train,5,30,42.097404,1.5860287681856988e-05,32.472746851664965,False,339
DS07,train,5,31,51.238163,3.6637359812630166e-15,13.634216454623497,False,340
DS07,train,5,32,60.973618,8.58800762726375e-08,25.655890875876835,False,341
DS07,train,5,33,54.849262,1.5448651247140786e-09,21.79255255569052,False,342
DS07,train,5,34,46.831295,6.217248937900877e-15,13.881520392571987,False,343
DS07,train,5,35,52.88859,1.573440544522242e-08,23.911268869050893,False,344
DS07,train,5,36,55.90175,2.527205088531659e-07,26.86701771758569,False,345
DS07,train,5,37,53.462593,6.22498252944581e-09,23.03077079894157,False,346
DS07,train,5,38,47.65197,2.008001664943748e-08,24.150973403755543,False,347
DS07,train,5,39,58.046444,8.636091841651705e-12,17.91358336177089,False,348
DS07,train,5,40,62.46223,0.3351050093879261,66.37185945730326,False,349
DS07,train,5,41,52.787,3.038628950680078e-07,27.08257641628302,False,350
DS07,train,5,42,50.486824,0.0,10.82355892603698,False,351
DS07,train,5,43,42.459858,2.4646951146678475e-14,14.551177488307449,False,352
DS07,train,5,44,53.397278,7.882583474838611e-15,13.99469850637182,False,353
DS07,train,5,45,41.689575,2.4646951146678475e-14,14.552709293320325,False,354
DS07,train,5,46,47.506065,1.1102230246251563e-16,12.128007801658155,False,355
DS07,train,5,47,55.973366,1.1792271603638935e-09,21.563527918446283,False,356
DS07,train,5,48,54.979294,5.237699163274101e-12,17.58999871344526,False,357
DS07,train,5,49,40.411118,6.561418075534675e-14,15.05374204654004,False,358
DS07,train,5,50,43.498005,2.7688962234151404e-13,15.83297646515372,False,359
DS07,train,5,51,40.699055,1.6608936448392344e-13,15.5506412271342,False,360
DS07,train,5,52,39.723648,1.166930441165448e-09,21.55470689545475,False,361
DS07,train,5,53,44.870293,1.8590062822454454e-09,21.951499526058985,False,362
DS07,train,5,54,39.266876,2.878808302853031e-13,15.854773316135264,False,363
DS07,train,5,55,39.443027,5.949328807375308e-10,20.998197333190696,False,364
DS07,train,5,56,38.936604,1.7895684933932898e-12,16.920409665974518,False,365
DS07,train,5,57,34.172287,1.7735035662269638e-11,18.3930699519494,False,366
DS07,train,5,58,36.75478,0.0,10.550722269130787,False,367
DS07,train,5,59,30.230036,2.5128684710828963e-07,26.860405776742184,False,368
DS07,train,5,60,32.440563,1.0784082490666869e-05,31.87140084358151,False,369
DS07,train,5,61,29.858814,1.8762769116165142e-14,14.416550096510758,False,370
DS07,train,5,62,27.899246,1.127098414599459e-12,16.642326714153473,False,371
DS07,train,5,63,27.686054,2.5945579018582518e-11,18.653449542898887,False,372
DS07,train,5,64,27.029615,1.2271439420175057e-10,19.76954147710498,False,373
DS07,train,5,65,33.43053,2.608828475469949e-08,24.41220338372903,False,374
DS07,train,5,66,23.720522,3.06659142523813e-11,18.76939359405081,False,375
DS07,train,5,67,22.375887,9.443245074791662e-10,21.377667898291765,False,376
DS07,train,5,68,19.54781,5.984102102729595e-14,15.006075962713616,False,377
DS07,train,5,69,24.328468,4.614196325025688e-07,27.581254767446865,False,378
DS07,train,5,70,19.263031,5.3290705182007506e-15,13.802471224228483,False,379
DS07,train,5,71,15.825533,5.847021264493435e-06,30.95532645909992,False,380
DS07,train,5,72,20.440632,6.234085481171547e-08,25.312366287716088,False,381
DS07,train,5,73,15.637744,0.0,11.605210176741409,False,382
DS07,train,5,74,14.153215,2.1094237467877974e-15,13.37177247461429,False,383
DS07,train,5,75,12.215313,4.754168614340415e-09,22.783599366515887,False,384
DS07,train,5,76,11.693712,2.8681390595863826e-10,20.417685248398755,False,385
DS07,train,5,77,9.919053,2.5334956355038685e-11,18.63700825018965,False,386
DS07,train,5,78,11.629944,3.30540983473071e-09,22.456277735985694,False,387
DS07,train,5,79,10.177614,1.2479865252323918e-08,23.686706632734555,False,388
DS07,train,5,80,8.118386,3.906726830926743e-09,22.60595919843953,False,389
DS07,train,5,81,7.735828,1.4893344557620482e-08,23.857753564874045,False,390
DS07,train,5,82,8.105077,0.0001601224040027,36.5435251344975,False,391
DS07,train,5,83,4.9130807,6.245296858964355e-05,34.77964727035691,False,392
DS07,train,5,84,3.4591422,1.0202606576248384e-05,31.786564660147512,False,393
DS07,train,5,85,3.0431957,8.303068533055402e-06,31.474591131916632,False,394
DS07,train,6,1,54.64043,8.112210903021833e-11,19.463661867111973,False,395
DS07,train,6,2,54.038193,0.8090954853679543,82.28813738740776,False,396
DS07,train,6,3,55.836895,1.937357972936482e-07,26.56077357570075,False,397
DS07,train,6,4,58.07687,6.738113178528238e-09,23.10413633416376,False,398
DS07,train,6,5,50.796165,0.1245372200943467,58.44842965171583,False,399
DS07,train,6,6,52.975395,1.3309797708416228e-11,18.19979789380717,False,400
DS07,train,6,7,55.687344,4.403539854558325e-05,34.16432067311473,False,401
DS07,train,6,8,55.455524,1.3907230384635484e-05,32.26570990802123,False,402
DS07,train,6,9,54.13682,2.934161325685025e-06,29.97521999892492,False,403
DS07,train,6,10,55.726086,4.549275400833608e-10,20.782103933999743,False,404
DS07,train,6,11,33.15665,0.999999999952068,178.7022125857966,False,405
DS07,train,6,12,55.218555,1.2293070561497645e-08,23.672199114679355,False,406
DS07,train,6,13,52.483997,0.0004270683018704,38.57112762814086,False,407
DS07,train,6,14,50.28293,7.493649891721077e-07,28.178437516984182,False,408
DS07,train,6,15,54.241215,2.6914026562963045e-10,20.36813217671993,False,409
DS07,train,6,16,50.013794,0.0021526271126807,42.45975825662288,False,410
DS07,train,6,17,55.651306,2.2035585042323724e-05,33.00108301877551,False,411
DS07,train,6,18,53.601734,0.086676861986468,56.29540105409978,False,412
DS07,train,6,19,52.173603,0.0014755811936064,41.47987768664856,False,413
DS07,train,6,20,47.55952,3.495568645650593e-08,24.70916820941871,False,414
DS07,train,6,21,48.093864,1.867197374494367e-08,24.07914838809431,False,415
DS07,train,6,22,51.08238,0.0004321463482493,38.596900356992734,False,416
DS07,train,6,23,53.37645,1.513558167687279e-10,19.927055532094464,False,417
DS07,train,6,24,50.619102,1.6789623092483552e-05,32.56317640307461,False,418
DS07,train,6,25,46.17815,0.0111330582785731,47.41686031513477,False,419
DS07,train,6,26,50.566685,0.0002774168872361,37.65316522219469,False,420
DS07,train,6,27,50.61907,0.0188075211454339,49.31285205159804,False,421
DS07,train,6,28,43.130898,0.0073118137906126,46.02218959329228,False,422
DS07,train,6,29,50.67868,0.0470043157717867,53.17047603286756,False,423
DS07,train,6,30,47.923603,0.0003550154178533,38.17262114507869,False,424
DS07,train,6,31,45.092514,2.8971952947820512e-08,24.518001369037695,False,425
DS07,train,6,32,46.686226,8.728285547476844e-05,35.388337522349055,False,426
DS07,train,6,33,46.90254,9.785541144058385e-07,28.51585147331331,False,427
DS07,train,6,34,38.02646,0.0199725240289573,49.54284935344878,False,428
DS07,train,6,35,39.52084,1.0388113702575195e-09,21.457178879485127,False,429
DS07,train,6,36,43.34372,0.0009255900632466,40.334120665346006,False,430
DS07,train,6,37,39.311146,2.2147685596607405e-07,26.714288813067867,False,431
DS07,train,6,38,36.91655,4.852627188967063e-08,25.048508029588795,False,432
DS07,train,6,39,38.65943,1.267315583708406e-05,32.120680479500294,False,433
DS07,train,6,40,37.45647,0.1437381036321422,59.381631787172,False,434
DS07,train,6,41,36.609707,4.7073456244106644e-14,14.880743931102954,False,435
DS07,train,6,42,32.818504,0.0017423264539186,41.90497893477796,False,436
DS07,train,6,43,30.230934,5.159506647478551e-07,27.71703950062998,False,437
DS07,train,6,44,30.82611,2.2889951841742477e-06,29.634756056394437,False,438
DS07,train,6,45,38.73818,0.0088762923536231,46.65278550957742,False,439
DS07,train,6,46,29.158497,3.82028852996541e-11,18.92329597984732,False,440
DS07,train,6,47,26.476871,0.0123105445969999,47.76601719918983,False,441
DS07,train,6,48,23.00489,0.4983983686649504,71.28653678124684,False,442
DS07,train,6,49,27.640146,0.0002384267847174,37.34094507994576,False,443
DS07,train,6,50,33.177616,0.010688851220421,47.27725192096622,False,444
DS07,train,6,51,24.845877,0.1215432291139241,58.29506234796055,False,445
DS07,train,6,52,21.42588,8.73054471783874e-06,31.550131433642463,False,446
DS07,train,6,53,23.61742,1.597253440621671e-10,19.96774409910573,False,447
DS07,train,6,54,20.267937,2.8681512720396535e-10,20.41768854179412,False,448
DS07,train,6,55,18.620485,2.407046340024976e-09,22.176093392341908,False,449
DS07,train,6,56,18.429174,1.3424772787873351e-05,32.21047151194119,False,450
DS07,train,6,57,18.521374,0.0158483387485437,48.67271118838784,False,451
DS07,train,6,58,17.449299,0.004821922272877,44.73426324078602,False,452
DS07,train,6,59,14.723761,4.3004888539144304e-10,20.737199291416843,False,453
DS07,train,6,60,15.773374,7.185997937808608e-07,28.126007461675016,False,454
DS07,train,6,61,13.730293,1.7686470510369645e-08,24.02578206418305,False,455
DS07,train,6,62,11.896863,1.8946673432385095e-06,29.379734484330985,False,456
DS07,train,6,63,11.77277,0.0377468702824594,52.17063270603124,False,457
DS07,train,6,64,9.690939,3.6229940503229596e-07,27.290827120715157,False,458
DS07,train,6,65,9.769724,0.0781441042817869,55.72594354451192,False,459
DS07,train,6,66,7.7004204,0.0041467871929756,44.2880575350091,False,460
DS07,train,6,67,6.547182,0.2888016798506634,64.89289647121099,False,461
DS07,train,6,68,6.842756,9.408122070064806e-06,31.663174488841623,False,462
DS07,train,6,69,5.3754444,1.6303352342594837e-06,29.17959809414758,False,463
DS07,train,6,70,5.0168457,2.147024112053586e-06,29.5479878678979,False,464
DS07,train,6,71,3.9484763,1.337143980650879e-06,28.918894524423585,False,465
DS07,train,6,72,3.1576684,0.0004319923653283,38.59612280551863,False,466
DS07,train,6,73,1.0327818,0.0003419830971429,38.09295065605709,False,467
DS07,train,6,74,1.5981804,0.0005024001470976,38.92836723636295,False,468
DS07,test,7,1,50.981773,1.0928303226243052e-05,31.89179174409321,False,469
DS07,test,7,2,42.58441,0.991405156099774,103.67266550992328,False,470
DS07,test,7,3,49.12336,9.399853118097212e-09,23.41620207657673,False,471
DS07,test,7,4,52.732773,4.368408691846071e-05,34.15044593035793,False,472
DS07,test,7,5,44.88632,0.990653014109604,103.19966320422895,False,473
DS07,test,7,6,48.510307,3.4613656385573677e-10,20.56513072455433,False,474
DS07,test,7,7,49.810715,1.5604462166862731e-10,19.950105357630733,False,475
DS07,test,7,8,49.394257,1.2246648140035174e-10,19.76803112983904,False,476
DS07,test,7,9,41.30136,2.2206170062544217e-05,33.01365287043744,False,477
DS07,test,7,10,49.657917,5.814881930410465e-07,27.863566887171743,False,478
DS07,test,7,11,42.04211,0.0009434874383438,40.379866248359406,False,479
DS07,test,7,12,52.70644,4.5775054968721924e-08,24.98762302008896,False,480
DS07,test,7,13,42.805878,0.0230304487178085,50.09955775377171,False,481
DS07,test,7,14,48.93384,1.0077844732947485e-05,31.767785200869525,False,482
DS07,test,7,15,44.49214,0.9997486253553634,121.28778839556132,False,483
DS07,test,7,16,41.959545,0.0130849481534911,47.98105337910347,False,484
DS07,test,7,17,44.978554,7.069241780843782e-07,28.10556203569405,False,485
DS07,test,7,18,45.167862,0.0006832529071362,39.62302921912126,False,486
DS07,test,7,19,37.458664,2.4504851291462515e-06,29.727596866428684,False,487
DS07,test,7,20,50.990036,2.654553070691179e-07,26.92426011861528,False,488
DS07,test,7,21,54.55838,0.0370774075367139,52.09142347319492,False,489
DS07,test,7,22,44.464226,1.5437251477123934e-10,19.94196195711505,False,490
DS07,test,7,23,43.349113,4.336472771981903e-07,27.50624613934837,False,491
DS07,test,7,24,45.086445,4.5067967580081365e-08,24.971420897023567,False,492
DS07,test,7,25,49.123848,7.826847800984638e-07,28.233010645490417,False,493
DS07,test,7,26,46.570263,9.938564212719214e-07,28.53566916598632,False,494
DS07,test,7,27,44.14724,8.284251062917747e-11,19.47901614528127,False,495
DS07,test,7,28,44.186745,5.16451641496829e-06,30.77498735592529,False,496
DS07,test,7,29,40.2982,4.783554441445403e-09,22.789207289410847,False,497
DS07,test,7,30,35.49132,6.288106124685555e-08,25.32152806122116,False,498
DS07,test,7,31,39.41538,5.310381689938026e-09,22.884593501862454,False,499
DS07,test,7,32,39.201046,5.75391381485435e-06,30.931904288552374,False,500
DS07,test,7,33,36.076904,5.259558341297321e-05,34.47465564610888,False,501
DS07,test,7,34,37.582207,0.0023227303650633,42.66322019024625,False,502
DS07,test,7,35,31.924263,0.0018898629732098,42.116353956502,False,503
DS07,test,7,36,51.688107,4.252745732813423e-05,34.10403803003854,False,504
DS07,test,7,37,41.759655,7.120868679488801e-06,31.24536853937844,False,505
DS07,test,7,38,39.08069,1.0955237939036522e-08,23.56178632403538,False,506
DS07,test,7,39,37.775337,2.723397840576069e-09,22.284584810885505,False,507
DS07,test,7,40,41.28963,9.992007221626409e-16,13.025712258551366,False,508
DS07,test,7,41,37.130596,2.962418333862793e-06,29.988489879136992,False,509
DS07,test,7,42,39.22738,0.0189047992604252,49.3324847070229,False,510
DS07,test,7,43,36.76966,0.0001325676944594,36.17650816361368,False,511
DS07,test,7,44,37.064655,2.1685296780482588e-08,24.227298406602436,False,512
DS07,test,7,45,29.174595,2.465929349604324e-07,26.838508760806118,False,513
DS07,test,7,46,31.51185,0.0016226541867629,41.72180098308429,False,514
DS07,test,7,47,27.63329,0.0006492535527939,39.50597837499231,False,515
DS07,test,7,48,33.38485,1.846737429644918e-09,21.945785562419147,False,516
DS07,test,7,49,33.040085,4.339240078365947e-11,19.013270365334392,False,517
DS07,test,7,50,29.554855,3.734096143404031e-09,22.565345823484904,False,518
DS07,test,7,51,21.827377,0.0001683950565003,36.64261950836453,False,519
DS07,test,7,52,32.57198,5.980799415716831e-06,30.98838552164972,False,520
DS07,test,7,53,27.030779,2.1678991934948044e-11,18.52989024242909,False,521
DS07,test,7,54,21.385807,0.0010885195225058,40.724856442681926,False,522
DS07,test,7,55,23.596586,8.005007767764026e-11,19.45393737470073,False,523
DS07,test,7,56,24.208582,5.7185498114620266e-08,25.22098301864555,False,524
DS07,test,7,57,19.329237,0.003132239432727,43.48444832657924,False,525
DS07,test,7,58,19.287577,4.5706458284833225e-08,24.986061522219543,False,526
DS07,test,7,59,21.037966,0.0004941776486788,38.89177773636851,False,527
DS07,test,7,60,16.72526,1.6721689004572937e-05,32.556723236964224,False,528
DS07,test,7,61,19.851873,0.0187232226886328,49.29577332007284,False,529
DS07,test,7,62,16.002478,3.391279237741074e-05,33.7170169262886,False,530
DS07,test,7,63,14.292374,7.647782672581815e-05,35.14571082708314,False,531
DS07,test,7,64,18.3372,1.0,301.8359555786257,False,532
DS07,test,7,65,17.137552,4.681038745368849e-05,34.270512016251146,False,533
DS07,test,7,66,13.965415,0.9999489699432584,128.269631739547,False,534
DS07,test,7,67,13.814376,9.56423344300461e-07,28.486675300640638,False,535
DS07,test,7,68,11.582656,8.867857892447262e-09,23.361151992876348,False,536
DS07,test,7,69,9.813892,0.0002833024017849,37.696841833825786,False,537
DS07,test,7,70,10.636839,0.0022963307291682,42.63250378975695,False,538
DS07,test,7,71,10.020713,5.909018013083856e-05,34.68084344079831,False,539
DS07,test,7,72,8.072749,1.51685661087253e-05,32.40223296101381,False,540
DS07,test,7,73,6.4511623,0.0006269692605013,39.42628938170277,False,541
DS07,test,7,74,5.9580026,0.038837597674786,52.297434548848216,False,542
DS07,test,7,75,6.160467,0.0039976120001554,44.1812164510436,False,543
DS07,test,7,76,4.249722,0.018656765866033,49.28226596591259,False,544
DS07,test,7,77,2.1372712,0.9999999973506454,165.33660190285127,False,545
DS07,test,7,78,2.9187512,0.4674074134020568,70.36273948004535,False,546
DS07,test,8,1,62.952232,1.4960155336751766e-09,21.765126947634773,False,547
DS07,test,8,2,61.519844,1.3634878248680593e-07,26.16418208804574,False,548
DS07,test,8,3,55.858482,3.413935800722357e-13,15.950535370667374,False,549
DS07,test,8,4,61.613354,1.871213517468106e-09,21.95714951517056,False,550
DS07,test,8,5,59.69301,3.6637359812630166e-15,13.635385731013642,False,551
DS07,test,8,6,56.34415,4.0607248674717775e-09,22.640785012396066,False,552
DS07,test,8,7,60.22238,1.0206602230056204e-10,19.63258959259454,False,553
DS07,test,8,8,54.45546,2.0905877029520068e-10,20.1729297053959,False,554
DS07,test,8,9,58.487743,7.348170072418725e-09,23.18479948856428,False,555
DS07,test,8,10,56.155464,4.580336110393546e-12,17.504520131855294,False,556
DS07,test,8,11,56.52172,2.255758912994565e-09,22.11935868461211,False,557
DS07,test,8,12,59.233543,7.356767544042242e-07,28.15536192010225,False,558
DS07,test,8,13,58.360023,0.0,10.02688793647063,False,559
DS07,test,8,14,52.500595,7.66053886991358e-15,13.9822856607531,False,560
DS07,test,8,15,58.763844,8.348075936082111e-07,28.31419550400686,False,561
DS07,test,8,16,56.384647,6.239138961028345e-08,25.31322649264078,False,562
DS07,test,8,17,53.108986,8.881784197001252e-16,13.017512047762528,False,563
DS07,test,8,18,53.4929,2.3785487357486094e-08,24.31950735494049,False,564
DS07,test,8,19,59.01567,6.582645675212717e-07,28.01682523978606,False,565
DS07,test,8,20,58.29855,2.886579864025407e-15,13.525394886852396,False,566
DS07,test,8,21,55.14097,5.941068526027494e-08,25.26133640613964,False,567
DS07,test,8,22,55.7088,2.1627177826388788e-10,20.198991778299806,False,568
DS07,test,8,23,53.33746,2.562195344779638e-09,22.230881567211995,False,569
DS07,test,8,24,59.194653,4.130029651605583e-13,16.058318740209614,False,570
DS07,test,8,25,58.556484,9.437971926207211e-07,28.469747475539123,False,571
DS07,test,8,26,58.058903,6.634728541010659e-07,28.0266095200097,False,572
DS07,test,8,27,55.52782,5.305755834683623e-13,16.201608823935732,False,573
DS07,test,8,28,55.15224,2.1098511826522779e-10,20.1799723023728,False,574
DS07,test,8,29,57.960236,1.0580425424677742e-12,16.604742215262164,False,575
DS07,test,8,30,55.30967,5.131450819817475e-13,16.18233341180021,False,576
DS07,test,8,31,54.731895,2.4734949644056314e-09,22.199955233208755,False,577
DS07,test,8,32,49.90755,1.904229758653564e-06,29.38647852867183,False,578
DS07,test,8,33,54.46079,2.35577324314562e-09,22.15725218851549,False,579
DS07,test,8,34,57.49781,8.365227256446062e-07,28.3167860863652,False,580
DS07,test,8,35,56.09002,6.661338147750939e-16,12.863121118726554,False,581
DS07,test,8,36,58.439034,5.276179493307609e-11,19.15248648864867,False,582
DS07,test,8,37,53.72176,6.278966235839789e-11,19.277545471147448,False,583
DS07,test,8,38,59.282265,2.6751159065696584e-09,22.268821987290814,False,584
DS07,test,8,39,53.92158,4.685134236126487e-07,27.59973913122704,False,585
DS07,test,8,40,56.859333,6.735723090400826e-13,16.33948171698789,False,586
DS07,test,8,41,56.562252,6.539213615042172e-13,16.322347394797788,False,587
DS07,test,8,42,50.78519,2.5528617331183057e-08,24.39040344177358,False,588
DS07,test,8,43,45.699776,6.439293542825908e-15,13.89599592632697,False,589
DS07,test,8,44,51.089447,2.7755575615628917e-15,13.496496122823189,False,590
DS07,test,8,45,54.083023,8.188449918122842e-12,17.87876640363885,False,591
DS07,test,8,46,50.160732,4.1268100048341686e-12,17.438449198310106,False,592
DS07,test,8,47,47.363605,1.420974449217738e-12,16.780931852841515,False,593
DS07,test,8,48,49.872658,9.116960515009875e-05,35.46900386954928,False,594
DS07,test,8,49,51.460835,2.8662140760804533e-07,27.01396241552912,False,595
DS07,test,8,50,55.53592,7.173488691947227e-08,25.4620300490812,False,596
DS07,test,8,51,41.010918,1.3033821987140648e-05,32.16435914471401,False,597
DS07,test,8,52,48.32319,4.513320828181122e-09,22.73636426742905,False,598
DS07,test,8,53,39.309498,9.381250731799184e-08,25.751869909534264,False,599
DS07,test,8,54,38.592323,9.992007221626409e-16,13.058790607113789,False,600
DS07,test,8,55,40.689823,6.661338147750939e-16,12.85855711191948,False,601
DS07,test,8,56,38.363544,2.7999824681046453e-13,15.839217393485384,False,602
DS07,test,8,57,45.870358,0.354878084592692,66.98419516068512,False,603
DS07,test,8,58,33.316864,1.5925483154433095e-11,18.320287077722607,False,604
DS07,test,8,59,32.45852,2.510214258677479e-13,15.778360683298796,False,605
DS07,test,8,60,41.407063,2.8309021793404554e-11,18.713803196520068,False,606
DS07,test,8,61,26.997389,1.5765166949677223e-14,14.328603287442178,False,607
DS07,test,8,62,33.781956,7.294753721076574e-07,28.144776001124683,False,608
DS07,test,8,63,25.91542,3.545425064643837e-10,20.58405458771105,False,609
DS07,test,8,64,24.130268,6.015188347419098e-13,16.273923012192515,False,610
DS07,test,8,65,27.751955,8.983833399422991e-07,28.40707129370962,False,611
DS07,test,8,66,26.348448,8.830838336137958e-07,28.38529218779556,False,612
DS07,test,8,67,19.49648,1.3873902027228267e-11,18.227577754455268,False,613
DS07,test,8,68,23.768301,3.3315905589859085e-11,18.82724219952412,False,614
DS07,test,8,69,15.156846,1.647844257379738e-06,29.19375331811404,False,615
DS07,test,8,70,14.216491,9.915401832927273e-13,16.566272314222044,False,616
DS07,test,8,71,13.268176,3.717107843970169e-06,30.305552293913884,False,617
DS07,test,8,72,12.113741,2.314901603739372e-10,20.251377704667163,False,618
DS07,test,8,73,11.748865,4.440892098500626e-16,12.692808541978437,False,619
DS07,test,8,74,9.570368,3.4722431403455545e-06,30.20976580969547,False,620
DS07,test,8,75,11.028394,4.006582843274487e-10,20.68086671254984,False,621
DS07,test,8,76,7.6262884,1.3586756037464733e-05,32.2292175954945,False,622
DS07,test,8,77,9.148701,3.0633707178706615e-05,33.5456882395042,False,623
DS07,test,8,78,7.6606936,1.1066479846943976e-05,31.91109778755208,False,624
DS07,test,8,79,5.402085,1.8091813695275683e-05,32.68246892223468,False,625
DS07,test,8,80,4.347623,5.288813831327842e-10,20.903035298193096,False,626
DS07,test,8,81,5.5260973,0.0014035888494788,41.353713536602456,False,627
DS07,test,8,82,1.7203383,7.551982697306947e-06,31.33275638343261,False,628
DS07,test,8,83,1.1209068,0.0048529929387225,44.75349395636175,False,629
DS07,test,9,1,51.268974,1.9289890181850566e-06,29.40379576279577,False,630
DS07,test,9,2,55.07484,4.378875417931916e-06,30.53793095303461,False,631
DS07,test,9,3,53.818703,5.285921864661702e-07,27.746602480714152,False,632
DS07,test,9,4,54.383812,0.0031838167362184,43.530322948360286,False,633
DS07,test,9,5,52.855827,0.0104100404867764,47.18717361382323,False,634
DS07,test,9,6,40.550777,2.040068214359536e-08,24.166667337089063,False,635
DS07,test,9,7,53.785217,0.0001636134365773,36.58589061175479,False,636
DS07,test,9,8,53.4909,0.0039876716510147,44.17397735630813,False,637
DS07,test,9,9,49.373466,2.075608884022362e-05,32.9038617567727,False,638
DS07,test,9,10,52.126175,0.0193231962076859,49.4160183490274,False,639
DS07,test,9,11,52.164165,0.0338834453926303,51.69779548979773,False,640
DS07,test,9,12,52.59826,6.486581483600151e-05,34.84761162622007,False,641
DS07,test,9,13,53.009556,0.9999999987363746,167.8548897137661,False,642
DS07,test,9,14,42.910645,6.023555810918957e-06,30.998807919782543,False,643
DS07,test,9,15,45.522663,0.0007962516864561,39.97829365887571,False,644
DS07,test,9,16,51.944103,0.0005001025468628,38.9181968102333,False,645
DS07,test,9,17,45.979214,0.0002053369294336,37.03781102278978,False,646
DS07,test,9,18,45.157833,0.0001529658999114,36.45401843958345,False,647
DS07,test,9,19,53.542366,0.0058389894530572,45.31566455444064,False,648
DS07,test,9,20,50.195705,0.0006567503864501,39.53224496967255,False,649
DS07,test,9,21,42.862465,5.209534313932451e-07,27.72881854309574,False,650
DS07,test,9,22,44.99439,1.1162794033570125e-07,25.942359634618946,False,651
DS07,test,9,23,49.155323,0.9991459506989115,115.5953885804411,False,652
DS07,test,9,24,48.98968,0.3024257696730815,65.33585239797038,False,653
DS07,test,9,25,48.55387,0.1105130290325491,57.70841634347221,False,654
DS07,test,9,26,46.516434,4.243736411169152e-06,30.49324258044529,False,655
DS07,test,9,27,47.24492,8.504635632400337e-07,28.33766151741954,False,656
DS07,test,9,28,45.612476,5.436429084682004e-12,17.61383072853306,False,657
DS07,test,9,29,42.59954,3.801603909447948e-08,24.795336478079047,False,658
DS07,test,9,30,45.632927,3.9567238374615946e-12,17.41185798759046,False,659
DS07,test,9,31,43.469322,0.0024620460542534,42.82050351688861,False,660
DS07,test,9,32,44.370945,5.484560527957427e-08,25.176929857800346,False,661
DS07,test,9,33,44.77461,8.923681894534852e-07,28.398550027111767,False,662
DS07,test,9,34,41.049583,7.660200251891068e-10,21.20462441446659,False,663
DS07,test,9,35,46.734516,4.4023821008543074e-05,34.16386503410214,False,664
DS07,test,9,36,43.46446,0.0011852085552218,40.93311688823128,False,665
DS07,test,9,37,42.278435,7.347155106529613e-10,21.17035433203926,False,666
DS07,test,9,38,45.647938,4.1380565640736217e-10,20.70653404264135,False,667
DS07,test,9,39,47.507214,3.89528187483279e-10,20.658506366778145,False,668
DS07,test,9,40,48.07786,1.4008171102863898e-05,32.27704450805876,False,669
DS07,test,9,41,36.93853,3.207126771931357e-07,27.14620965655085,False,670
DS07,test,9,42,37.31519,4.281019982954604e-13,16.078745547169966,False,671
DS07,test,9,43,41.204487,4.106506357182127e-09,22.650898145907533,False,672
DS07,test,9,44,41.24261,0.0003479167440968,38.12955403102676,False,673
DS07,test,9,45,36.923138,0.120340435041522,58.232780185854295,False,674
DS07,test,9,46,39.529587,0.0002832853817227,37.696716699454335,False,675
DS07,test,9,47,45.7157,0.0539598530653898,53.828990671771216,False,676
DS07,test,9,48,33.71401,0.0366283807235083,52.03768531479484,False,677
DS07,test,9,49,39.14687,6.472587651762396e-05,34.843732972586146,False,678
DS07,test,9,50,33.564713,2.2738219085383093e-08,24.274527638230943,False,679
DS07,test,9,51,39.571285,0.008741798039939,46.60236999497892,False,680
DS07,test,9,52,30.623138,2.7170488081651456e-12,17.176772656687284,False,681
DS07,test,9,53,40.29739,9.692578173403633e-08,25.78747531837226,False,682
DS07,test,9,54,30.022678,9.418846080855304e-08,25.756227776124295,False,683
DS07,test,9,55,31.672712,0.000686558054626,39.634132258307446,False,684
DS07,test,9,56,30.62748,0.1504759513374757,59.691098379318646,False,685
DS07,test,9,57,26.2037,0.0308216311587813,51.29281812926244,False,686
DS07,test,9,58,32.234818,4.501163811965192e-05,34.202354818911544,False,687
DS07,test,9,59,30.565147,6.686774500774817e-08,25.386946748958152,False,688
DS07,test,9,60,29.31988,5.032425886175584e-05,34.39706030967001,False,689
DS07,test,9,61,29.762917,0.0090306878285763,46.7098877155523,False,690
DS07,test,9,62,24.921394,0.0021340176217099,42.43666531547203,False,691
DS07,test,9,63,23.158514,0.000220379025333,37.18065312215703,False,692
DS07,test,9,64,20.977013,3.3979152824770154e-11,18.841034043571675,False,693
DS07,test,9,65,22.410606,0.0019666932315104,42.22082653525177,False,694
DS07,test,9,66,31.970848,1.0,326.3151225558139,False,695
DS07,test,9,67,23.418364,0.0047142223038829,44.66678294357303,False,696
DS07,test,9,68,21.837334,3.535717463132304e-05,33.78773882999053,False,697
DS07,test,9,69,19.726845,3.959804421171942e-05,33.981156331889366,False,698
DS07,test,9,70,17.811543,2.8630038606536345e-07,27.01264873178657,False,699
DS07,test,9,71,17.101906,7.752530839510995e-10,21.2144793290267,False,700
DS07,test,9,72,25.435102,0.9999996329889936,147.790226930674,False,701
DS07,test,9,73,16.916912,3.805993786798467e-08,24.79652448207982,False,702
DS07,test,9,74,16.586288,5.842575506542769e-05,34.660720373490626,False,703
DS07,test,9,75,15.015103,6.248499384575723e-08,25.314818106794437,False,704
DS07,test,9,76,15.229808,7.051470842733831e-05,34.99818074094964,False,705
DS07,test,9,77,14.329922,0.0042344590546539,44.34933582349276,False,706
DS07,test,9,78,13.095569,1.2275069627420976e-08,23.670790116340168,False,707
DS07,test,9,79,14.250547,0.0207925451702071,49.69842018929686,False,708
DS07,test,9,80,11.831039,8.733262979454538e-08,25.67407059892608,False,709
DS07,test,9,81,11.749325,0.0001689940138367,36.649623277401616,False,710
DS07,test,9,82,7.117392,0.9999999999998558,197.041976382106,False,711
DS07,test,9,83,9.570008,1.1528859410470105e-06,28.726362105773628,False,712
DS07,test,9,84,8.578629,0.0087860099151054,46.61901332108124,False,713
DS07,test,9,85,8.431047,0.0251544513503779,50.45279499389999,False,714
DS07,test,9,86,8.3709,2.221565054139063e-08,24.251350559520603,False,715
DS07,test,9,87,6.2654834,0.5490346360235763,72.81524787851842,False,716
DS07,test,9,88,7.939774,0.0010125709626332,40.54959310885245,False,717
DS07,test,9,89,6.9104395,0.0169598961743815,48.92359532285568,False,718
DS07,test,9,90,5.584972,0.0268847645667201,50.723669985192885,False,719
DS07,test,9,91,6.4817033,0.0281226354469209,50.90922593563496,False,720
DS07,test,9,92,4.0787525,0.01000195450667,47.05168489570492,False,721
DS07,test,9,93,3.2427347,0.057699585747198,54.157640333064606,False,722
DS07,test,9,94,1.7445576,0.9999999999993164,192.2238877138832,False,723
DS07,test,9,95,2.3139124,0.0017524099328316,41.91990995589032,False,724
DS07,test,9,96,1.9956783,0.0028371102710765,43.20878015867265,False,725
DS07,test,10,1,57.39027,3.4923952618726155e-11,18.86024839003684,False,726
DS07,test,10,2,60.742847,2.2282421485719797e-07,26.72127874908103,False,727
DS07,test,10,3,60.273438,1.163513729807164e-13,15.35778793696953,False,728
DS07,test,10,4,55.37874,3.1090685581602884e-12,17.260593944638153,False,729
DS07,test,10,5,57.407528,3.623545907771586e-12,17.356470055093077,False,730
DS07,test,10,6,56.96594,1.8251985478556774e-09,21.93566706882837,False,731
DS07,test,10,7,57.303284,3.380595803292863e-11,18.83745727251346,False,732
DS07,test,10,8,59.28719,2.631228568361621e-13,15.804463887879391,False,733
DS07,test,10,9,54.905315,1.7234484527839378e-05,32.60485336148548,False,734
DS07,test,10,10,59.352413,2.788214104043618e-12,17.19281310815039,False,735
DS07,test,10,11,55.655193,3.842925977437517e-12,17.39346651788681,False,736
DS07,test,10,12,55.55217,3.518407787339584e-12,17.337974544350367,False,737
DS07,test,10,13,58.668983,1.4199752484955752e-13,15.4654283480605,False,738
DS07,test,10,14,53.381542,5.551115123125783e-15,13.829329068420536,False,739
DS07,test,10,15,52.5985,3.166222617423386e-09,22.417978506216457,False,740
DS07,test,10,16,51.46043,9.811566559214668e-08,25.800801476237385,False,741
DS07,test,10,17,53.933273,2.5579511842011016e-09,22.229424969341657,False,742
DS07,test,10,18,62.62785,4.80725340668009e-06,30.67163255746724,False,743
DS07,test,10,19,53.048958,3.9745984281580604e-14,14.793767839837642,False,744
DS07,test,10,20,52.09352,2.192496005193334e-06,29.57634246876171,False,745
DS07,test,10,21,56.03636,0.0,10.908506550984669,False,746
DS07,test,10,22,56.832367,7.808890974148053e-05,35.18378147707131,False,747
DS07,test,10,23,52.264694,2.281969589290611e-06,29.63058091700742,False,748
DS07,test,10,24,50.663822,5.113038537007952e-08,25.10322584867605,False,749
DS07,test,10,25,52.266613,1.9734036627028215e-10,20.12871390474985,False,750
DS07,test,10,26,58.001354,6.135813345187202e-07,27.929793404707095,False,751
DS07,test,10,27,49.92588,6.550315845288424e-15,13.907391049232553,False,752
DS07,test,10,28,54.682865,4.566347300283269e-13,16.115593569839632,False,753
DS07,test,10,29,51.824245,2.3519711955799494e-08,24.308271289545253,False,754
DS07,test,10,30,59.169952,5.382546852672476e-09,22.896958337708995,False,755
DS07,test,10,31,53.402718,2.972786683486106e-08,24.54409655351137,False,756
DS07,test,10,32,51.22749,2.4424906541753444e-15,13.44599346000299,False,757
DS07,test,10,33,47.77018,1.9051065947017776e-08,24.09897409746644,False,758
DS07,test,10,34,53.746964,6.6863931058591675e-09,23.09698469204289,False,759
DS07,test,10,35,54.304237,1.8964402481724818e-07,26.53641126979005,False,760
DS07,test,10,36,56.62974,9.7517379993306e-07,28.511434919830407,False,761
DS07,test,10,37,61.09223,8.608998325332352e-08,25.65853572231644,False,762
DS07,test,10,38,56.50907,7.078078759770179e-07,28.10712043842919,False,763
DS07,test,10,39,58.415627,1.2987725339641543e-09,21.645021439926516,False,764
DS07,test,10,40,54.34295,3.208544541166703e-13,15.915553354415366,False,765
DS07,test,10,41,57.251354,1.508225444535327e-08,23.870016699173505,False,766
DS07,test,10,42,46.229485,3.530164037202077e-06,30.23297371399872,False,767
DS07,test,10,43,54.80961,1.887379141862766e-15,13.317372039203534,False,768
DS07,test,10,44,54.2032,2.0761962560289507e-07,26.640000706652767,False,769
DS07,test,10,45,52.572044,8.423262087831064e-13,16.470148288335537,False,770
DS07,test,10,46,52.405785,1.255041737202589e-09,21.61606569584092,False,771
DS07,test,10,47,48.26425,0.0,9.836836373119652,False,772
DS07,test,10,48,45.357887,0.0,9.717227091399865,False,773
DS07,test,10,49,40.67574,5.9952043329758445e-15,13.860535775956972,False,774
DS07,test,10,50,48.247364,5.617728504603293e-14,14.97303071340508,False,775
DS07,test,10,51,51.23787,6.483948742364021e-07,27.99808492955235,False,776
DS07,test,10,52,38.69658,1.6209256159527282e-14,14.34432415079755,False,777
DS07,test,10,53,40.73086,3.763355638231048e-08,24.784930770438507,False,778
DS07,test,10,54,42.539608,2.226626493184725e-07,26.72044265196753,False,779
DS07,test,10,55,42.540604,6.219913473159977e-12,17.70034421423958,False,780
DS07,test,10,56,32.44267,2.4861470993009505e-08,24.363822736613283,False,781
DS07,test,10,57,35.578056,6.787636452898482e-09,23.11093590416334,False,782
DS07,test,10,58,32.966793,3.306774506217636e-06,30.141439950905863,False,783
DS07,test,10,59,34.95476,2.255973186038318e-13,15.719047573057654,False,784
DS07,test,10,60,31.09468,1.1590718922871446e-05,31.98238784767329,False,785
DS07,test,10,61,32.574547,4.959366251000574e-13,16.162743242297992,False,786
DS07,test,10,62,35.202915,2.7071448601700965e-06,29.86410668013943,False,787
DS07,test,10,63,28.989492,5.392242208301923e-12,17.608610465723956,False,788
DS07,test,10,64,24.73288,7.514269206865264e-10,21.188817017982004,False,789
DS07,test,10,65,34.910725,2.287203759721024e-11,18.56661767304879,False,790
DS07,test,10,66,24.64659,7.456266715166747e-10,21.182453362623363,False,791
DS07,test,10,67,30.949223,1.5278112108774167e-11,18.292325736957515,False,792
DS07,test,10,68,23.807898,6.624021908763211e-08,25.37689596930982,False,793
DS07,test,10,69,16.561497,2.4107562457409415e-07,26.812267727846613,False,794
DS07,test,10,70,17.288832,3.219646771412954e-15,13.575102086390146,False,795
DS07,test,10,71,16.834799,1.9033255083122924e-08,24.098050966383997,False,796
DS07,test,10,72,15.725514,5.136769022362486e-07,27.71165073665449,False,797
DS07,test,10,73,13.34462,2.55351295663786e-13,15.78775191053301,False,798
DS07,test,10,74,12.589208,6.084022174945859e-14,15.014557719463744,False,799
DS07,test,10,75,14.169273,7.147571423615773e-11,19.371382336484736,False,800
DS07,test,10,76,10.621736,3.7893807520728018e-06,30.33271118400675,False,801
DS07,test,10,77,9.947589,2.42022688334842e-07,26.81681166914268,False,802
DS07,test,10,78,7.781563,5.629851230426475e-05,34.594867855571124,False,803
DS07,test,10,79,6.863237,1.9552959251711852e-10,20.12166000774725,False,804
DS07,test,10,80,6.228325,4.2129569619353546e-05,34.08780791321521,False,805
DS07,test,10,81,5.6895766,2.465805337692473e-13,15.768342790105237,False,806
DS07,test,10,82,5.484792,1.9548803797508896e-05,32.806968690594644,False,807
DS07,test,10,83,3.6274133,4.158709956558759e-05,34.065454203477046,False,808
DS07,test,10,84,2.2876017,0.0017587981709491,41.929330787158165,False,809
DS07,test,10,85,1.8881875,0.0004385442570201,38.628991837090354,False,810
DS07,test,10,86,1.6632339,1.4023344910518707e-05,32.278741896321336,False,811
DS07,test,10,87,0.8481656,0.0002973808531249,37.7981210194893,False,812
