dataset_id,split,engine_id,cycle,anomaly_score,anomaly_raw
DS05,train,1,1,1.760795629301981e-07,26.451980635475653
DS05,train,1,2,1.3127235906740253e-05,32.17549137246749
DS05,train,1,3,1.744923841406898e-05,32.624621494449094
DS05,train,1,4,0.053747106045845094,53.809801750458746
DS05,train,1,5,4.5281816494990856e-05,34.21274847552607
DS05,train,1,6,4.9392934187153514e-11,19.10535030995657
DS05,train,1,7,5.551115123125783e-15,13.82985944845074
DS05,train,1,8,5.029906576803356e-07,27.68602339768067
DS05,train,1,9,7.584412331507195e-08,25.521794338761005
DS05,train,1,10,4.773486950160333e-08,25.03133280469896
DS05,train,1,11,8.236744619694036e-11,19.47480704874108
DS05,train,1,12,5.270132164003627e-08,25.134984072837398
DS05,train,1,13,1.8984813721090177e-14,14.421794810581314
DS05,train,1,14,5.95759621175862e-05,34.695426630987676
DS05,train,1,15,6.0520359509874666e-05,34.72347159493326
DS05,train,1,16,1.2652429896786721e-05,32.11813597135496
DS05,train,1,17,4.1580279843245194e-05,34.06517149780717
DS05,train,1,18,3.746558618900053e-12,17.377467155208343
DS05,train,1,19,0.001362742097577807,41.27960353773297
DS05,train,1,20,3.226555267410447e-08,24.627362136494742
DS05,train,1,21,3.7147616903654423e-06,30.304662508187327
DS05,train,1,22,1.7870758723947944e-06,29.30160102193082
DS05,train,1,23,0.009097539394972043,46.73436220134482
DS05,train,1,24,9.789996091580377e-07,28.51643247822826
DS05,train,1,25,5.419565635600421e-06,30.8448151598387
DS05,train,1,26,3.882527632725896e-11,18.93467996555823
DS05,train,1,27,9.47091360892216e-09,23.42333204418187
DS05,train,1,28,4.983204104069827e-05,34.379826311412835
DS05,train,1,29,3.2454329224052003e-09,22.439964512519197
DS05,train,1,30,4.0232907327908407e-07,27.416093376815695
DS05,train,1,31,1.1617518058670839e-10,19.728701097762865
DS05,train,1,32,4.918145120713646e-06,30.70445015999553
DS05,train,1,33,1.3885482763598134e-09,21.701684381651916
DS05,train,1,34,0.7410492276648051,79.33246258319588
DS05,train,1,35,8.770761894538737e-15,14.044358989609723
DS05,train,1,36,0.0004397182688148371,38.63483543830705
DS05,train,1,37,8.167562076666357e-07,28.286626161777207
DS05,train,1,38,1.1106082632883485e-05,31.916590313167767
DS05,train,1,39,7.4338093458692356e-09,23.19561410829925
DS05,train,1,40,2.396602506671286e-06,29.697265634612172
DS05,train,1,41,1.2589298804877025e-05,32.110361800500684
DS05,train,1,42,0.0049331836390288375,44.8026503376597
DS05,train,1,43,1.2423118089799345e-10,19.778718773204524
DS05,train,1,44,2.0486945473408014e-12,17.00289840361917
DS05,train,1,45,4.7348139964320524e-08,25.022842546516603
DS05,train,1,46,7.567020977927719e-06,31.335721105107748
DS05,train,1,47,5.1445497417645925e-08,25.10966885298381
DS05,train,1,48,0.00022834397279269947,37.25278944721362
DS05,train,1,49,7.475464691708567e-11,19.404008832107124
DS05,train,1,50,0.0029928902225669907,43.35719315849485
DS05,train,1,51,0.013843111288172505,48.18177384597039
DS05,train,1,52,5.193218077792494e-10,20.888339147308592
DS05,train,1,53,4.604605585711852e-11,19.055395706486863
DS05,train,1,54,0.6337600565034066,75.49240481776889
DS05,train,1,55,3.914590873677071e-11,18.940476886443182
DS05,train,1,56,9.684808510712628e-12,17.988836128125566
DS05,train,1,57,5.0107810370625394e-05,34.38950074630978
DS05,train,1,58,1.0401013383898317e-11,18.035894632100273
DS05,train,1,59,6.292186327527816e-09,23.04069691136675
DS05,train,1,60,0.0025209837698397797,42.884745510528546
DS05,train,1,61,1.1186954385067338e-07,25.944741715898772
DS05,train,1,62,0.0006918706989181844,39.65188075512526
DS05,train,1,63,1.4190226771404468e-10,19.878447074533533
DS05,train,1,64,0.0004730376089191468,38.79516906688155
DS05,train,1,65,1.4895260358471774e-08,23.857878664196686
DS05,train,1,66,0.001966252300764193,42.22023711454524
DS05,train,1,67,5.995592911034464e-10,21.004482193913695
DS05,train,1,68,1.3614998017885682e-11,18.21496415204582
DS05,train,1,69,2.3040779237870623e-06,29.64367946259007
DS05,train,1,70,1.461053500406706e-13,15.480878375089564
DS05,train,1,71,0.00016704891841734515,36.626796781999445
DS05,train,1,72,6.621635135983794e-06,31.137873299307444
DS05,train,1,73,7.989857753187835e-08,25.57786045290838
DS05,train,1,74,3.418066318872093e-07,27.22161539955853
DS05,train,1,75,0.0006178792896233132,39.393063654570554
DS05,train,1,76,1.8168365433002265e-05,32.689234682192044
DS05,train,1,77,8.97179629475442e-05,35.43924632309988
DS05,train,1,78,0.0023676493304618518,42.7147995658766
DS05,train,1,79,0.000411357955216074,38.48963252367868
DS05,train,1,80,0.00211943453116592,42.41844702124678
DS05,train,2,1,1.8800029943921714e-06,29.369330747668638
DS05,train,2,2,0.02085418000505357,49.70991530460933
DS05,train,2,3,2.694899370325743e-07,26.94186174476746
DS05,train,2,4,4.2529885223796526e-05,34.10413664115218
DS05,train,2,5,6.441958078085008e-12,17.722977599935973
DS05,train,2,6,2.2103236130277537e-08,24.246297834196184
DS05,train,2,7,8.648971538960382e-10,21.30477631951777
DS05,train,2,8,0.08834969806968518,56.40249876174216
DS05,train,2,9,1.272381787043031e-06,28.854197231234366
DS05,train,2,10,1.0,235.67901250591788
DS05,train,2,11,0.3261730404376362,66.0919667640801
DS05,train,2,12,0.0002942966884802445,37.77630540038953
DS05,train,2,13,0.00012280425793731453,36.02979797936495
DS05,train,2,14,0.009384832739603,46.83787879660078
DS05,train,2,15,0.00022397148529007538,37.21347307517527
DS05,train,2,16,8.1174818314933e-06,31.44067715429553
DS05,train,2,17,8.078251787613233e-06,31.433417133090387
DS05,train,2,18,1.1817373513078877e-07,26.005255369175554
DS05,train,2,19,6.284744613616056e-09,23.03960268802482
DS05,train,2,20,0.13784605487028911,59.10382072279434
DS05,train,2,21,3.284385724899863e-05,33.66288964963733
DS05,train,2,22,0.03598353833411816,51.959629616127636
DS05,train,2,23,0.0008683935203760429,40.18253120339749
DS05,train,2,24,0.4418013423572944,69.60135088229491
DS05,train,2,25,6.465414092993171e-09,23.065829496938203
DS05,train,2,26,7.83336284726488e-10,21.22301609225488
DS05,train,2,27,1.5878136554459132e-06,29.144626133219443
DS05,train,2,28,7.493006215497644e-12,17.820919479380834
DS05,train,2,29,0.11511749323747811,57.95765501638016
DS05,train,2,30,2.0264102654765637e-06,29.469994882757852
DS05,train,2,31,1.1529449506220146e-08,23.61065005228923
DS05,train,2,32,1.6276231140643915e-08,23.944337214048414
DS05,train,2,33,2.64635091618004e-10,20.355007850691837
DS05,train,2,34,0.04319094320180128,52.778265005057975
DS05,train,2,35,6.421213538665427e-07,27.986034542225525
DS05,train,2,36,0.00018934748724841466,36.87530320028181
DS05,train,2,37,0.9175787291461761,89.22131696254957
DS05,train,2,38,0.020299104879559438,49.605403848371125
DS05,train,2,39,2.2948276612311247e-10,20.24465794670882
DS05,train,2,40,0.01820281924289957,49.18895925566572
DS05,train,2,41,0.5659497779345545,73.33493822328907
DS05,train,2,42,1.1029322966038535e-07,25.92911253478731
DS05,train,2,43,0.00020730078545116992,37.05698188581005
DS05,train,2,44,9.073909734702568e-09,23.382833721346582
DS05,train,2,45,0.00024427527413473094,37.390562930738284
DS05,train,2,46,1.3117648665184056e-05,32.174352200856916
DS05,train,2,47,0.0004393725990483599,38.633116319075604
DS05,train,2,48,8.071175616741755e-09,23.272600244854846
DS05,train,2,49,4.877766295463548e-05,34.34238312971123
DS05,train,2,50,1.8093005615948954e-07,26.482848770950028
DS05,train,2,51,5.409085246377288e-07,27.77477881474929
DS05,train,2,52,1.192706914454611e-06,28.770274818430043
DS05,train,2,53,3.890339361767303e-08,24.819104200180778
DS05,train,2,54,0.0005248708941864022,39.02572102528546
DS05,train,2,55,1.4976535567257088e-09,21.766060179608125
DS05,train,2,56,0.0001337507434105989,36.193619108753424
DS05,train,2,57,0.44985994692487674,69.84100019472714
DS05,train,2,58,2.2408963573639085e-11,18.552585191742246
DS05,train,2,59,0.0039058618489739017,44.11380931787235
DS05,train,2,60,2.3467453873160515e-05,33.10394775335533
DS05,train,2,61,0.021181029270717855,49.77042771569968
DS05,train,2,62,6.049647005568204e-09,23.00439014677083
DS05,train,2,63,0.0009949503718320596,40.50729002914145
DS05,train,2,64,3.1869104022419492e-09,22.42377037142494
DS05,train,2,65,6.827897129135785e-06,31.18316055717187
DS05,train,2,66,0.00021967103969922075,37.1741286874134
DS05,train,2,67,1.5849927292865829e-07,26.333016186866043
DS05,train,2,68,0.04604193449551819,53.07379545387171
DS05,train,2,69,2.7732541385550036e-07,26.975353827168693
DS05,train,2,70,0.01033626622528061,47.16300722863849
DS05,train,2,71,1.5782769591243806e-07,26.328231095994386
DS05,train,2,72,0.06862793703102166,55.037471878070974
DS05,train,2,73,5.795849437051359e-07,27.859533386754077
DS05,train,2,74,1.1523689302794793e-07,25.977450339375366
DS05,train,2,75,0.6532660132083075,76.1427534715529
DS05,train,2,76,0.0005290219765167192,39.04330040277377
DS05,train,2,77,4.141963406034677e-06,30.458712812792207
DS05,train,2,78,0.09398450312149209,56.75347362364986
DS05,train,2,79,0.006968797809052019,45.869072347874564
DS05,train,2,80,0.004168618518988865,44.30341861130458
DS05,train,3,1,1.7090817650000645e-10,20.019061970612572
DS05,train,3,2,0.9912394527312454,103.56530634999301
DS05,train,3,3,0.052293051287676584,53.67714288512731
DS05,train,3,4,9.328804395636325e-11,19.56620935530949
DS05,train,3,5,1.6772292443789638e-09,21.862941317519507
DS05,train,3,6,8.699176160531508e-07,28.366267419095916
DS05,train,3,7,3.878974919047096e-11,18.934034288096484
DS05,train,3,8,1.4034040596300201e-09,21.71072524540822
DS05,train,3,9,2.5992530180762863e-05,33.27213041346937
DS05,train,3,10,0.009682874081114123,46.94253951672357
DS05,train,3,11,1.4353271043932025e-06,29.01163978691443
DS05,train,3,12,0.000891674054499858,40.24526023052596
DS05,train,3,13,1.5230006145117159e-10,19.931751029380806
DS05,train,3,14,4.9171859422436626e-05,34.35646711937299
DS05,train,3,15,8.028084629962962e-06,31.424085693918585
DS05,train,3,16,3.0281865903702965e-10,20.460122959513782
DS05,train,3,17,0.0050397250604438115,44.86692616204825
DS05,train,3,18,1.755857320329124e-05,32.634600424404624
DS05,train,3,19,3.8956885260565954e-05,33.95316157715196
DS05,train,3,20,9.336409423355008e-10,21.368208725815094
DS05,train,3,21,4.390694444689203e-06,30.541778602005564
DS05,train,3,22,2.3179625219249544e-07,26.766842825577548
DS05,train,3,23,0.0001496531782481103,36.41130527964771
DS05,train,3,24,2.8643198923816726e-11,18.721947641216126
DS05,train,3,25,0.0546799691179245,53.893535314474946
DS05,train,3,26,2.0391526565188833e-05,32.875158101117165
DS05,train,3,27,1.0711986853095823e-11,18.05537260562356
DS05,train,3,28,0.006728911938928328,45.75820773851416
DS05,train,3,29,1.2721135256299476e-10,19.796445015191857
DS05,train,3,30,3.4416913763379853e-15,13.605643184930798
DS05,train,3,31,0.9982317027570374,112.03088851167867
DS05,train,3,32,3.3542233880412553e-06,30.161349825638066
DS05,train,3,33,1.0124456868876308e-05,31.774826217301204
DS05,train,3,34,1.720208062472306e-05,32.60185102886973
DS05,train,3,35,1.1587594839213011e-07,25.983556671805886
DS05,train,3,36,7.646346300571594e-08,25.530537757949997
DS05,train,3,37,0.019898278249527945,49.52851474963398
DS05,train,3,38,8.699429308034468e-07,28.366304253920802
DS05,train,3,39,1.0583473653014153e-07,25.883747588889918
DS05,train,3,40,2.3005501947892526e-09,22.136521406152998
DS05,train,3,41,6.739852564940918e-09,23.104375952739417
DS05,train,3,42,2.372267901007419e-06,29.683360097776372
DS05,train,3,43,5.503474342916093e-10,20.935139794600744
DS05,train,3,44,0.00025198725442610037,37.454391529478585
DS05,train,3,45,1.0429198282757568e-08,23.51485813774397
DS05,train,3,46,1.6519561247929637e-05,32.53737991516567
DS05,train,3,47,9.404588219297239e-12,17.969514605461953
DS05,train,3,48,9.22195134145376e-06,31.632879717684386
DS05,train,3,49,2.080000241067026e-05,32.907288125309606
DS05,train,3,50,3.881930161764302e-07,27.373239724084037
DS05,train,3,51,6.837019797312216e-06,31.185134344205437
DS05,train,3,52,7.615404228533684e-05,35.13797219667303
DS05,train,3,53,2.8779369365405927e-07,27.018748014404622
DS05,train,3,54,3.8204683083797875e-06,30.34424656773031
DS05,train,3,55,1.0880698142479162e-07,25.914183761939807
DS05,train,3,56,3.285130312224993e-08,24.645705940619806
DS05,train,3,57,1.0482711362280739e-06,28.603917413919184
DS05,train,3,58,0.0014320264792184734,41.40420793595871
DS05,train,3,59,0.00041196830713119414,38.49284983108318
DS05,train,3,60,3.5153278452604297e-06,30.227062789472114
DS05,train,3,61,8.097590254441123e-06,31.437000003870246
DS05,train,3,62,6.675285546542398e-09,23.095441995738774
DS05,train,3,63,0.0007824939285420163,39.93750764660314
DS05,train,3,64,0.011183109632606159,47.432302985696765
DS05,train,3,65,0.6896717600956328,77.40565038736976
DS05,train,4,1,6.713269820046719e-07,28.04123004213079
DS05,train,4,2,6.921903050738365e-10,21.121517915242684
DS05,train,4,3,4.799460828763813e-11,19.084883360086963
DS05,train,4,4,1.9640955528643644e-12,16.97711242072894
DS05,train,4,5,2.3362145551431013e-10,20.25845210195598
DS05,train,4,6,1.6526668922267618e-10,19.993585126781777
DS05,train,4,7,1.1102230246251565e-16,12.116220138249659
DS05,train,4,8,8.881784197001252e-16,12.975489648565173
DS05,train,4,9,1.6228129950945913e-12,16.86110685768332
DS05,train,4,10,3.411493310068181e-12,17.31863222163384
DS05,train,4,11,8.449460453530122e-08,25.638280470486094
DS05,train,4,12,0.0,9.844972999337955
DS05,train,4,13,5.096493849165995e-08,25.099828083781098
DS05,train,4,14,1.1794988319380195e-09,21.563721828255865
DS05,train,4,15,0.0,11.496265887454001
DS05,train,4,16,1.0784080006764896e-07,25.904376187362516
DS05,train,4,17,9.758620833633103e-08,25.794890578548724
DS05,train,4,18,1.5276668818842154e-13,15.505273283266526
DS05,train,4,19,1.1102230246251565e-16,11.847483142741297
DS05,train,4,20,9.857408722613314e-08,25.805895264718885
DS05,train,4,21,3.681321913973079e-11,18.897227580439427
DS05,train,4,22,1.695310558602614e-13,15.561952029807912
DS05,train,4,23,3.0053948218977666e-09,22.37169425758037
DS05,train,4,24,1.7474910407599964e-12,16.905964669129396
DS05,train,4,25,4.275161114009052e-09,22.687258595254107
DS05,train,4,26,3.2305269570542805e-12,17.28452746680818
DS05,train,4,27,5.968296060698819e-07,27.895638190861973
DS05,train,4,28,2.835863766037505e-10,20.408855994300097
DS05,train,4,29,1.0361781432877137e-09,21.455057322383084
DS05,train,4,30,4.490852134608758e-13,16.105969419573892
DS05,train,4,31,6.113982764510695e-09,23.01415268440708
DS05,train,4,32,3.3306690738754696e-15,13.585360479470108
DS05,train,4,33,7.542583346786813e-07,28.1865917313812
DS05,train,4,34,5.135323166705064e-09,22.8539279104088
DS05,train,4,35,7.771561172376096e-16,12.933089210465951
DS05,train,4,36,1.3373746554634636e-12,16.74452987436418
DS05,train,4,37,2.6068036618198676e-13,15.799422573062955
DS05,train,4,38,3.2529267605108103e-06,30.118522921618307
DS05,train,4,39,1.6919798895287386e-12,16.886389453486714
DS05,train,4,40,2.0549228985089485e-11,18.49328987970503
DS05,train,4,41,0.0,11.814597831647347
DS05,train,4,42,6.9243907274696426e-09,23.129472395061264
DS05,train,4,43,1.5210055437364645e-14,14.31324486740732
DS05,train,4,44,1.179996100830749e-10,19.74031092768663
DS05,train,4,45,3.597122599785507e-13,15.980049568001744
DS05,train,4,46,4.7914894274470043e-11,19.083699012151556
DS05,train,4,47,0.0,9.748930404823625
DS05,train,4,48,7.106804034151537e-11,19.367226593200495
DS05,train,4,49,0.0,9.734677002085718
DS05,train,4,50,6.57514709345719e-10,21.079546985475304
DS05,train,4,51,8.131968154412306e-08,25.5968827180275
DS05,train,4,52,8.834003684121683e-08,25.6865134971182
DS05,train,4,53,9.065625850013248e-08,25.7146256645718
DS05,train,4,54,3.3704150581570502e-12,17.311040573440664
DS05,train,4,55,5.3911132225081815e-09,22.898415713514922
DS05,train,4,56,3.647737667478168e-10,20.606522591940944
DS05,train,4,57,5.759635969271315e-07,27.851824624351323
DS05,train,4,58,1.5554224574998443e-13,15.515025942256898
DS05,train,4,59,3.890318067689691e-10,20.657495131920594
DS05,train,4,60,9.991019123134492e-11,19.61680352141741
DS05,train,4,61,7.28118676462941e-11,19.38484595038328
DS05,train,4,62,3.344047261322203e-11,18.8298517859671
DS05,train,4,63,1.1147061051985929e-10,19.697947365671553
DS05,train,4,64,2.753353101070388e-13,15.829795962453431
DS05,train,4,65,6.100536742437157e-09,23.012120361293583
DS05,train,4,66,1.5870993408384493e-10,19.962916735473385
DS05,train,4,67,1.304455432560303e-10,19.815242202239574
DS05,train,4,68,1.2493117651501962e-11,18.157524582941292
DS05,train,4,69,5.358677057643035e-09,22.892885857614843
DS05,train,4,70,1.964345353044905e-10,20.125192774836094
DS05,train,4,71,6.449323297630372e-10,21.063797658655915
DS05,train,4,72,5.412390113868071e-08,25.162986455996773
DS05,train,4,73,1.268622529249086e-08,23.702498075219467
DS05,train,4,74,0.0,10.512212336233063
DS05,train,4,75,9.732494055114671e-08,25.79196269892475
DS05,train,4,76,2.7512436773236004e-12,17.184529847182414
DS05,train,4,77,2.278086608242802e-10,20.23901103982022
DS05,train,4,78,1.1102230246251565e-16,12.077647005160415
DS05,train,4,79,6.505940230994156e-11,19.303202440787786
DS05,train,4,80,3.2340788935769638e-09,22.43684432746916
DS05,train,4,81,2.562433598640723e-10,20.329985971974985
DS05,train,4,82,2.4513724383723456e-13,15.765281544409362
DS05,train,4,83,1.2089107492840867e-11,18.13563053037089
DS05,train,4,84,2.2383284115079505e-10,20.225440913523926
DS05,train,4,85,7.489280307027002e-10,21.186081161416684
DS05,train,4,86,1.2290503803580322e-07,26.048718669302787
DS05,train,4,87,3.4550207483885487e-07,27.23437722182939
DS05,train,4,88,5.290252029777065e-07,27.747603416686914
DS05,train,4,89,3.519406988061746e-13,15.967586508159044
DS05,train,4,90,3.761394418155817e-09,22.57188444982944
DS05,train,4,91,4.2521541843143495e-14,14.828708761360971
DS05,train,4,92,3.5911307816327565e-08,24.736811005565684
DS05,train,4,93,6.540202372340431e-06,31.119635532394682
DS05,train,4,94,1.2040647601074816e-05,32.041252124344226
DS05,train,4,95,1.2723632833999687e-06,28.85417831359637
DS05,train,4,96,4.2131642619125387e-10,20.72085246650657
DS05,train,4,97,4.833540806492564e-07,27.637581313046347
DS05,train,4,98,0.0003070141276424465,37.86498545130098
DS05,train,4,99,0.0019889846364798958,42.25047701747664
DS05,train,5,1,0.0,10.978710448456695
DS05,train,5,2,3.2940317140628395e-13,15.93028939974829
DS05,train,5,3,7.023084336310603e-10,21.13338992533271
DS05,train,5,4,8.247036187292167e-08,25.61205851149763
DS05,train,5,5,1.8936987533635374e-09,21.96746602059722
DS05,train,5,6,1.289461093456623e-09,21.63893409573751
DS05,train,5,7,0.0,9.853940148335923
DS05,train,5,8,4.102236966674333e-06,30.445021587245492
DS05,train,5,9,5.204836561745196e-12,17.58597133974949
DS05,train,5,10,2.7022529325293476e-08,24.44763357142358
DS05,train,5,11,5.1797233169281753e-11,19.13929042193719
DS05,train,5,12,9.618050800241917e-11,19.58871461370194
DS05,train,5,13,4.9974032800825796e-08,25.079258870767468
DS05,train,5,14,2.915058194830067e-10,20.430354000365305
DS05,train,5,15,4.874320946868238e-10,20.837391027296032
DS05,train,5,16,2.6798062657817923e-09,22.270364969359832
DS05,train,5,17,1.1418508027993823e-07,25.967330694281273
DS05,train,5,18,2.6645352591003757e-14,14.591177928955643
DS05,train,5,19,5.939693181744587e-14,15.002312549484571
DS05,train,5,20,5.454740343857623e-07,27.785071940452482
DS05,train,5,21,4.936939745903146e-12,17.552241727780768
DS05,train,5,22,8.881784197001252e-16,12.971414323914587
DS05,train,5,23,2.3425428263834647e-10,20.260540997862986
DS05,train,5,24,1.1102230246251565e-16,11.8629707052484
DS05,train,5,25,5.795364188543317e-14,14.989586579282332
DS05,train,5,26,1.6650014700303473e-12,16.876632147298373
DS05,train,5,27,2.6741735492663565e-09,22.268511664237337
DS05,train,5,28,7.449106294021846e-07,28.17097167765365
DS05,train,5,29,4.88139528798115e-10,20.83855511943949
DS05,train,5,30,3.136162485817273e-06,30.067600883300713
DS05,train,5,31,1.4988010832439613e-14,14.305143271206697
DS05,train,5,32,7.727611883723284e-10,21.211830614743555
DS05,train,5,33,1.79115278164943e-10,20.05473648440227
DS05,train,5,34,2.4868995751603507e-14,14.555953140005673
DS05,train,5,35,4.17030433519372e-08,24.890893196329237
DS05,train,5,36,8.359156127291101e-07,28.31586965122858
DS05,train,5,37,2.219594208430209e-08,24.2504664526623
DS05,train,5,38,8.990316269219534e-10,21.336846905705954
DS05,train,5,39,1.3424816813767393e-12,16.746809176361722
DS05,train,5,40,0.0001757367888407524,36.72696788746336
DS05,train,5,41,6.76418853928773e-07,28.05062385392669
DS05,train,5,42,0.0,10.835734900849644
DS05,train,5,43,3.0120350658080497e-13,15.880008511754358
DS05,train,5,44,2.220446049250313e-16,12.387345768415642
DS05,train,5,45,3.331779296900095e-13,15.936767605130541
DS05,train,5,46,4.440892098500626e-16,12.657957496239206
DS05,train,5,47,2.4685065103113857e-10,20.301041538199158
DS05,train,5,48,3.91675580857509e-12,17.405457047725513
DS05,train,5,49,4.807265696626928e-14,14.891580556454436
DS05,train,5,50,1.2223555501122974e-13,15.38435109458652
DS05,train,5,51,3.226308109560705e-13,15.918711700547117
DS05,train,5,52,2.9214397567756123e-10,20.432062100895898
DS05,train,5,53,1.373436919749338e-10,19.853899204903065
DS05,train,5,54,5.132561042842099e-13,16.18243086834852
DS05,train,5,55,4.247683316194184e-10,20.72735240824439
DS05,train,5,56,1.369127033967743e-12,16.75861925829713
DS05,train,5,57,3.0374480708417195e-11,18.762744812208688
DS05,train,5,58,0.0,10.727977971164691
DS05,train,5,59,5.240814046070241e-07,27.73612999491522
DS05,train,5,60,3.225882651003431e-06,30.10688075043373
DS05,train,5,61,1.9206858326015208e-14,14.427126413298986
DS05,train,5,62,1.0554890295111363e-12,16.603328464074597
DS05,train,5,63,7.547296121401814e-13,16.405819997098394
DS05,train,5,64,1.0954859241962822e-10,19.685026769905864
DS05,train,5,65,6.53234799585789e-10,21.074221982057253
DS05,train,5,66,6.823430709346212e-13,16.347060857448803
DS05,train,5,67,1.0460010635426897e-10,19.650745183413694
DS05,train,5,68,3.086420008457935e-14,14.665854952814431
DS05,train,5,69,8.428183573272463e-08,25.635552098214745
DS05,train,5,70,3.3306690738754696e-16,12.533828311806303
DS05,train,5,71,3.33487023440604e-07,27.192407205864356
DS05,train,5,72,2.560277545526901e-10,20.329332935371703
DS05,train,5,73,0.0,10.404954741867783
DS05,train,5,74,0.0,11.621020237890647
DS05,train,5,75,2.6828750332441587e-10,20.365663973794312
DS05,train,5,76,2.0983215165415459e-13,15.678978849891053
DS05,train,5,77,3.730349362740526e-14,14.761465849569163
DS05,train,5,78,2.0400015010579864e-11,18.488315071526984
DS05,train,5,79,7.80685516232893e-11,19.435632280459906
DS05,train,5,80,3.0916824655946584e-11,18.775070312565763
DS05,train,5,81,1.7673640329007867e-12,16.91285392111896
DS05,train,5,82,3.7893429549740176e-07,27.34437657976939
DS05,train,5,83,1.1049146042552138e-09,21.5088354623088
DS05,train,5,84,1.88727922179055e-11,18.43529054044707
DS05,train,5,85,8.47211190091457e-13,16.473534265378362
DS05,train,5,86,1.2270294780236668e-09,21.597012371667645
DS05,train,5,87,3.0464519795714295e-13,15.886558470427872
DS05,train,5,88,3.613271401525786e-06,30.265666666818333
DS05,train,5,89,7.499334486738007e-11,19.40633108238538
DS05,train,5,90,7.067391116777344e-11,19.36318741281589
DS05,train,5,91,4.4952517979091056e-06,30.575406996378376
DS05,train,5,92,5.898108267510249e-05,34.677553390360615
DS05,train,5,93,0.00028981790418491915,37.74425911479477
DS05,train,5,94,0.00018799978160821684,36.86104969506408
DS05,train,5,95,0.0015556213310007339,41.61400748037397
DS05,train,5,96,0.018288318954188032,49.206674333487506
DS05,train,5,97,0.04444534432524716,52.91003420339496
DS05,train,5,98,0.06131086298549726,54.46066984751877
DS05,train,5,99,0.42943435983318845,69.233222687044
DS05,train,5,100,0.6858396480588053,77.2692795800058
DS05,train,6,1,1.4563941164169592e-09,21.742253416967362
DS05,train,6,2,0.8668473427006692,85.43728864775142
DS05,train,6,3,1.2083054493627898e-06,28.787106252444346
DS05,train,6,4,2.044911996312848e-05,32.87972372847376
DS05,train,6,5,0.24937199719318437,63.5626686894327
DS05,train,6,6,4.782474416487048e-11,19.082357848964616
DS05,train,6,7,0.0007275933941119916,39.7681971603094
DS05,train,6,8,1.0589452191567261e-05,31.84348231153489
DS05,train,6,9,1.3227518656955262e-05,32.18736164577503
DS05,train,6,10,6.720882822497387e-07,28.042638741098443
DS05,train,6,11,1.0,331.3519081227043
DS05,train,6,12,6.056515289287745e-10,21.01268864326551
DS05,train,6,13,1.3112791330538442e-07,26.12066258817932
DS05,train,6,14,4.258412317215132e-06,30.49815870584442
DS05,train,6,15,2.7483171294306885e-10,20.38441804158361
DS05,train,6,16,0.0036348144777818003,43.90649140247165
DS05,train,6,17,2.560270432305778e-05,33.24716705730858
DS05,train,6,18,0.06081735272650424,54.420030342422706
DS05,train,6,19,0.001438384701701545,41.41537819369961
DS05,train,6,20,2.5558640748268857e-07,26.880130771140692
DS05,train,6,21,3.809813097221948e-07,27.35081408730756
DS05,train,6,22,0.0007530483464317506,39.84804906402228
DS05,train,6,23,4.3210557354456114e-10,20.741003698739057
DS05,train,6,24,5.160351392929918e-05,34.44114526487727
DS05,train,6,25,0.0032391894758488915,43.57887145923406
DS05,train,6,26,0.0005592382468593282,39.16770670255305
DS05,train,6,27,0.06703258549364732,54.91558342505414
DS05,train,6,28,0.05304950572251621,53.746489091415036
DS05,train,6,29,2.2545283727803955e-05,33.03838127631071
DS05,train,6,30,0.002528193734835704,42.89251544020041
DS05,train,6,31,4.6567913636330616e-08,25.00551366963957
DS05,train,6,32,0.0006947324654157372,39.66139162106106
DS05,train,6,33,4.146871553645237e-05,34.06054070026394
DS05,train,6,34,0.04429483418406954,52.89437159445088
DS05,train,6,35,3.534228687485097e-09,22.51605095886649
DS05,train,6,36,0.0030613684019294984,43.42034762007205
DS05,train,6,37,1.6589216298434906e-06,29.2026370587987
DS05,train,6,38,5.139678604937359e-08,25.10867528831542
DS05,train,6,39,0.00017300575667578144,36.69596736930967
DS05,train,6,40,0.18745244322010157,61.26203543312576
DS05,train,6,41,1.0813905326756412e-11,18.06164060180384
DS05,train,6,42,0.004156909696973021,44.29518850001199
DS05,train,6,43,1.8533439937185037e-06,29.35022334409875
DS05,train,6,44,2.2056182574781147e-06,29.584423859915574
DS05,train,6,45,0.010334812671060067,47.16252966240083
DS05,train,6,46,2.8315128020039992e-12,17.202380075915663
DS05,train,6,47,0.024803452226761946,50.39607874661973
DS05,train,6,48,0.7082618174943924,78.08041740896724
DS05,train,6,49,0.03785202412305455,52.18297724763432
DS05,train,6,50,2.868735149841317e-05,33.43590942131946
DS05,train,6,51,0.1994988519814408,61.73642775381265
DS05,train,6,52,1.9887228887127684e-05,32.83466945932314
DS05,train,6,53,9.43998756941511e-09,23.420235240808434
DS05,train,6,54,1.691888518173812e-08,23.98224287852976
DS05,train,6,55,5.932268714037292e-07,27.888176151280653
DS05,train,6,56,0.00014408624825346106,36.3375746269281
DS05,train,6,57,0.3289414445258301,66.17895736764422
DS05,train,6,58,0.02776891723493946,50.85686306426078
DS05,train,6,59,1.6628773147342457e-07,26.387167545767998
DS05,train,6,60,0.00015508644638506652,36.48092577757801
DS05,train,6,61,1.752510740715696e-05,32.631552069517134
DS05,train,6,62,0.0006525974412913138,39.51772721400229
DS05,train,6,63,0.18324287186813493,61.09245511766614
DS05,train,6,64,0.0006750579755832042,39.59529419940499
DS05,train,6,65,0.3317051253967399,66.26558218933052
DS05,train,6,66,0.16926624245942512,60.513606404196956
DS05,train,6,67,0.8695095990964772,85.60504128009569
DS05,test,7,1,2.6423634851613365e-05,33.29934247509276
DS05,test,7,2,0.9977406057012119,110.79527981174071
DS05,test,7,3,1.3982638491505384e-08,23.796502033745732
DS05,test,7,4,9.497462091767606e-05,35.54501943125581
DS05,test,7,5,0.9973604262743394,110.001053950355
DS05,test,7,6,2.9432030146381294e-09,22.353166890674885
DS05,test,7,7,2.485858185963252e-10,20.306466276276986
DS05,test,7,8,1.822538786555583e-10,20.06797102125363
DS05,test,7,9,7.426301993762596e-05,35.09217202253097
DS05,test,7,10,1.1416272830744312e-05,31.958999669221384
DS05,test,7,11,0.003635875034252223,43.90732789121898
DS05,test,7,12,1.4181091823051162e-07,26.208075812798114
DS05,test,7,13,0.046053924990842265,53.0750092079918
DS05,test,7,14,6.240505419252695e-05,34.77827369362464
DS05,test,7,15,0.9998522631547501,123.66427066887101
DS05,test,7,16,0.01577895468772439,48.65658653123873
DS05,test,7,17,1.0168302149171637e-06,28.564896443176906
DS05,test,7,18,0.0002465511781204466,37.40958475245127
DS05,test,7,19,2.110177995728879e-05,32.93065717903835
DS05,test,7,20,1.6301273677576944e-06,29.17942919944693
DS05,test,7,21,0.00020032924785229334,36.98817307715619
DS05,test,7,22,4.45163239604085e-10,20.76476383921925
DS05,test,7,23,2.505124766516431e-06,29.757730786294044
DS05,test,7,24,1.0948648477837608e-06,28.65979134532076
DS05,test,7,25,1.4617901700209046e-07,26.242054904686356
DS05,test,7,26,3.6086895204290315e-06,30.263882407102546
DS05,test,7,27,2.9699775971891995e-10,20.444939727211832
DS05,test,7,28,5.394393400193209e-06,30.83805968884643
DS05,test,7,29,4.9026993576006817e-08,25.059239663937433
DS05,test,7,30,4.507159833133656e-07,27.552857080425326
DS05,test,7,31,8.302382681346643e-08,25.619287418861113
DS05,test,7,32,6.8441330098867326e-06,31.186671683480807
DS05,test,7,33,0.00012054202612821197,35.99430952288941
DS05,test,7,34,0.005098561106045341,44.901931549702056
DS05,test,7,35,0.009411698247828393,46.84742451330686
DS05,test,7,36,3.9695260501959595e-05,33.985365013878294
DS05,test,7,37,1.4165300900370603e-05,32.294540529601306
DS05,test,7,38,7.3216940288389765e-09,23.18143202875541
DS05,test,7,39,1.660101944800374e-08,23.963666674576956
DS05,test,7,40,2.3314683517128287e-15,13.428018318521026
DS05,test,7,41,7.0856046209266665e-06,31.238006744547096
DS05,test,7,42,0.023916996800040113,50.24998571073071
DS05,test,7,43,0.000936537492105094,40.36219337923737
DS05,test,7,44,3.099324641375745e-08,24.586415969555468
DS05,test,7,45,6.825356120288006e-07,28.06182189130938
DS05,test,7,46,0.002780011754049294,43.152628390391996
DS05,test,7,47,0.002792839787973178,43.16532930283944
DS05,test,7,48,9.699642200544645e-10,21.39996261696851
DS05,test,7,49,9.392631117322026e-11,19.571231111913747
DS05,test,7,50,4.0030549430802864e-08,24.848572098152584
DS05,test,7,51,0.0004637595524570326,38.751555444062205
DS05,test,7,52,1.0911507627775485e-05,31.889429815371557
DS05,test,7,53,2.6173563316689297e-10,20.346448587503517
DS05,test,7,54,0.0049011585108298394,44.783100675226194
DS05,test,7,55,1.876691801960817e-09,21.959673770829035
DS05,test,7,56,1.3558969869098547e-07,26.157952428968375
DS05,test,7,57,0.01010030896024916,47.08474985050782
DS05,test,7,58,1.736733179491523e-07,26.43637152984752
DS05,test,7,59,0.0032541727242089147,43.59188615826139
DS05,test,7,60,2.5824074174951583e-05,33.2613851659494
DS05,test,7,61,0.06472997164621086,54.735974682446226
DS05,test,7,62,7.55351766351664e-05,35.1230977773574
DS05,test,7,63,0.00019528559474879525,36.93704179392667
DS05,test,7,64,0.9986006717271727,113.19349314130798
DS05,test,7,65,7.364003680854214e-05,35.07685224733721
DS05,test,7,66,0.9999997174486004,148.7607029289854
DS05,test,7,67,4.744766289865865e-07,27.615077007098357
DS05,test,7,68,6.559877085976495e-10,21.07765082845423
DS05,test,7,69,0.00029027956967542234,37.747582736278076
DS05,test,7,70,6.990423612784902e-05,34.98244622724914
DS05,test,7,71,9.706611958759659e-06,31.71061631549839
DS05,test,7,72,5.007410327495521e-07,27.680563914088225
DS05,test,7,73,1.2482617267939311e-05,32.097143089584975
DS05,test,7,74,0.0003431343120513519,38.100096221966275
DS05,test,7,75,2.6981698733163917e-05,33.33397314129727
DS05,test,7,76,0.00033773414682558567,38.06639077083653
DS05,test,7,77,0.9999999993635355,170.1652971195071
DS05,test,7,78,4.121230726217284e-05,34.04985465433109
DS05,test,7,79,0.007045629603542158,45.9039066992062
DS05,test,7,80,0.02015968049630712,49.57879653237022
DS05,test,7,81,0.5310386835275651,72.2680043391992
DS05,test,7,82,0.6633073262736374,76.48420545820716
DS05,test,7,83,0.26006732047819425,63.931572382820505
DS05,test,7,84,0.518113791021774,71.87791035125379
DS05,test,7,85,0.9563964046902719,93.74080889113276
DS05,test,8,1,9.559597557995403e-11,19.584218367939723
DS05,test,8,2,3.3701746804393196e-07,27.204883810768234
DS05,test,8,3,5.447864381835643e-13,16.216722958121814
DS05,test,8,4,3.048573615771488e-10,20.465375357990368
DS05,test,8,5,1.1102230246251565e-16,12.04970813261285
DS05,test,8,6,7.261138357250729e-10,21.160695866525202
DS05,test,8,7,1.354821810295448e-10,19.843651784627014
DS05,test,8,8,8.985201471745086e-11,19.53859706499358
DS05,test,8,9,2.435118895416366e-08,24.343035726807663
DS05,test,8,10,1.8370860388472465e-12,16.936375215443448
DS05,test,8,11,2.486031380755094e-10,20.306520263914024
DS05,test,8,12,1.1307601843757453e-07,25.95656535901773
DS05,test,8,13,0.0,9.22466807586865
DS05,test,8,14,2.4313884239290928e-14,14.544697101519905
DS05,test,8,15,9.627344033091845e-08,25.780104270112176
DS05,test,8,16,1.5080326387639786e-07,26.277007556332478
DS05,test,8,17,8.215650382226158e-15,14.009387685501395
DS05,test,8,18,1.3144769717143845e-09,21.655195446442747
DS05,test,8,19,8.07620642584439e-08,25.589456090752364
DS05,test,8,20,0.0,11.792207683217086
DS05,test,8,21,1.4243634149924134e-07,26.213000453223394
DS05,test,8,22,5.051870033412342e-11,19.12143332696546
DS05,test,8,23,4.705584810693608e-10,20.809141825298124
DS05,test,8,24,2.452482661396971e-13,15.765459031303266
DS05,test,8,25,9.012049329015781e-08,25.708183319655816
DS05,test,8,26,1.0401869932064045e-07,25.864755077624906
DS05,test,8,27,6.731282198302324e-13,16.339161987025644
DS05,test,8,28,4.881650639276813e-11,19.09698030612046
DS05,test,8,29,5.030420524576584e-13,16.170928460997175
DS05,test,8,30,6.481482017761664e-13,16.317151268841844
DS05,test,8,31,2.9016777869372845e-10,20.426761009316238
DS05,test,8,32,9.40904536506082e-08,25.755093297088536
DS05,test,8,33,2.9966695791472375e-10,20.451936825759617
DS05,test,8,34,8.634960346753928e-08,25.661798620368373
DS05,test,8,35,0.0,11.435283227493287
DS05,test,8,36,3.42962325206031e-11,18.847539528515668
DS05,test,8,37,5.310973882899361e-12,17.598887711312813
DS05,test,8,38,2.1581081366406352e-10,20.19735072238302
DS05,test,8,39,9.793681382541664e-07,28.51691292056873
DS05,test,8,40,3.743672039036028e-13,16.002546256619866
DS05,test,8,41,4.0323300254385686e-13,16.044714918096886
DS05,test,8,42,8.604854673244233e-08,25.658014096327165
DS05,test,8,43,1.965094753586527e-14,14.439610566096112
DS05,test,8,44,0.0,11.759725603632745
DS05,test,8,45,1.344369060518602e-12,16.747656414949375
DS05,test,8,46,1.5455414725806804e-12,16.831609852331233
DS05,test,8,47,1.1808332089913165e-12,16.670081377250828
DS05,test,8,48,5.749592257853209e-08,25.226699943506446
DS05,test,8,49,9.007203998212532e-07,28.410367764610438
DS05,test,8,50,5.5614313154706e-10,20.943604597011955
DS05,test,8,51,4.925961368806853e-07,27.660604691100332
DS05,test,8,52,3.097575529409369e-10,20.477864774662493
DS05,test,8,53,5.222991927844589e-09,22.86940625447465
DS05,test,8,54,2.6645352591003757e-15,13.485939429295845
DS05,test,8,55,0.0,10.944687613240902
DS05,test,8,56,6.550315845288424e-14,15.052902373584175
DS05,test,8,57,0.00016697219057226764,36.625891466282496
DS05,test,8,58,1.1771139618588222e-11,18.11790205168217
DS05,test,8,59,3.008704396734174e-13,15.879527305184599
DS05,test,8,60,3.530431502696274e-11,18.867843628052867
DS05,test,8,61,1.1102230246251565e-16,11.919807838768676
DS05,test,8,62,5.190178031799775e-08,25.118933063788546
DS05,test,8,63,1.8829937609154968e-11,18.433746557128984
DS05,test,8,64,4.3942627314663696e-13,16.09368733191594
DS05,test,8,65,5.438699546278514e-08,25.168089542542006
DS05,test,8,66,7.651782774065197e-08,25.531302072779226
DS05,test,8,67,8.383294058944557e-13,16.467390987072434
DS05,test,8,68,3.882705268409836e-11,18.93471111428798
DS05,test,8,69,2.5390844127226586e-07,26.872469910573358
DS05,test,8,70,9.037215420448774e-14,15.222942413700647
DS05,test,8,71,3.2944921665167826e-06,30.13624321983684
DS05,test,8,72,1.623812195816754e-12,16.861461586133373
DS05,test,8,73,0.0,10.167489029733787
DS05,test,8,74,7.903076530979547e-07,28.245191907166255
DS05,test,8,75,9.490175312265592e-11,19.578845099270602
DS05,test,8,76,1.6755985774441484e-06,29.215908393071214
DS05,test,8,77,1.0247598547508119e-07,25.848375708459628
DS05,test,8,78,2.5481162291285386e-07,26.876599293240965
DS05,test,8,79,1.2363380985647154e-08,23.67768400343064
DS05,test,8,80,4.440892098500626e-16,12.690174955165531
DS05,test,8,81,3.1349530293933725e-07,27.11934425863049
DS05,test,8,82,9.42845801432668e-12,17.971183006878604
DS05,test,8,83,4.290033872589305e-08,24.920222752224987
DS05,test,8,84,8.336473766856756e-08,25.62371769614222
DS05,test,8,85,6.495914917081791e-13,16.318512111724857
DS05,test,8,86,8.562244246945738e-10,21.296437276761083
DS05,test,8,87,2.1095118638125854e-05,32.93014464489465
DS05,test,8,88,7.90219748636467e-07,28.24505206033006
DS05,test,8,89,1.6890043140094235e-05,32.57267183193085
DS05,test,8,90,0.0001906883393083536,36.88939424026293
DS05,test,8,91,0.00021064465575793,37.08925308430486
DS05,test,9,1,8.03172642013239e-05,35.235284191324986
DS05,test,9,2,1.494131955293021e-05,32.37842403458315
DS05,test,9,3,1.4599914921920032e-05,32.342023747680194
DS05,test,9,4,0.05204921932849016,53.65463361997648
DS05,test,9,5,0.12425730719509043,58.434189760863426
DS05,test,9,6,2.8674850272025765e-08,24.507569601549143
DS05,test,9,7,0.0004223431393743926,38.54690038320952
DS05,test,9,8,0.0195686173500752,49.46434871568928
DS05,test,9,9,0.0002654780722248784,37.56196498533325
DS05,test,9,10,0.019003227787852572,49.352267701048945
DS05,test,9,11,0.004074234112268149,44.23650923389894
DS05,test,9,12,0.00018415107844338419,36.81983494921725
DS05,test,9,13,3.0473112082596288e-06,30.027664763172027
DS05,test,9,14,7.116647075144922e-05,35.014843949847
DS05,test,9,15,0.00040705516255035157,38.46683042844171
DS05,test,9,16,0.0004963931412307332,38.901689280221156
DS05,test,9,17,0.0004907486216032542,38.876359257634604
DS05,test,9,18,0.00024147322916934222,37.36692483824325
DS05,test,9,19,0.021361918512149525,49.803599942766276
DS05,test,9,20,0.002483467435433817,42.84400430435551
DS05,test,9,21,3.520302910486883e-05,33.78031801611159
DS05,test,9,22,7.359289233566102e-08,25.489439490435995
DS05,test,9,23,0.5386189419086004,72.4978787818352
DS05,test,9,24,0.8780771701235943,86.16312126720443
DS05,test,9,25,0.5560351639979956,73.02964226424142
DS05,test,9,26,1.6501867620144495e-06,29.195636544011897
DS05,test,9,27,2.2229728818823347e-06,29.59504372176385
DS05,test,9,28,1.596663912195595e-10,19.967464712255087
DS05,test,9,29,2.80143695796653e-06,29.91126620848651
DS05,test,9,30,3.115081526061658e-10,20.482281473783843
DS05,test,9,31,0.004674629847282397,44.641648013641756
DS05,test,9,32,0.9999828210403525,132.81130398671309
DS05,test,9,33,1.676327316291193e-06,29.21648552087343
DS05,test,9,34,7.906545418379096e-10,21.23067352044213
DS05,test,9,35,0.00011206686833986623,35.85579071909675
DS05,test,9,36,0.013454110768575611,48.07993509536492
DS05,test,9,37,4.478866610924115e-09,22.729413601983307
DS05,test,9,38,2.160161161057772e-09,22.08162539066302
DS05,test,9,39,1.1002615440958152e-07,25.92644379641241
DS05,test,9,40,1.860821734001039e-05,32.72761148373297
DS05,test,9,41,5.938869995669727e-06,30.978097871496928
DS05,test,9,42,1.6039392036759637e-12,16.85402871019044
DS05,test,9,43,6.310357758554375e-08,25.325280455793308
DS05,test,9,44,0.0008921670233554835,40.24657290767277
DS05,test,9,45,0.1821893173730751,61.0496849984537
DS05,test,9,46,0.01094914364364874,47.35962270808285
DS05,test,9,47,0.08769900813652676,56.36100541098248
DS05,test,9,48,0.024033234572763296,50.26938205775572
DS05,test,9,49,0.0001516764269855475,36.437492141207535
DS05,test,9,50,2.972507961995774e-08,24.544001487500925
DS05,test,9,51,0.12833488255641623,58.63968395369782
DS05,test,9,52,9.646118348527466e-10,21.39535486223898
DS05,test,9,53,1.6363639239180827e-06,29.184487837990552
DS05,test,9,54,5.960157551943013e-07,27.893956201375268
DS05,test,9,55,0.0015032501205012316,41.526944993292275
DS05,test,9,56,0.3537602122603998,66.94981764051667
DS05,test,9,57,0.06153601030831368,54.479132216833364
DS05,test,9,58,0.999997279856261,140.16985118040856
DS05,test,9,59,1.67995502375895e-06,29.21935504559622
DS05,test,9,60,0.00027339178849361545,37.622816029697915
DS05,test,9,61,0.20686918650319508,62.0193566836536
DS05,test,9,62,0.3152314511184925,65.74589447510039
DS05,test,9,63,0.00037176116210824173,38.271256885606604
DS05,test,9,64,1.3474378899869244e-05,32.21623427334677
DS05,test,9,65,0.06920424010943882,55.081009807159056
DS05,test,9,66,0.0002136440620013058,37.11781194596503
DS05,test,9,67,0.06720601199743459,54.92893250376778
DS05,test,9,68,0.05585497247904325,53.99753476558226
DS05,test,9,69,0.022532186953971967,50.013001249375684
DS05,test,10,1,7.016609515630989e-14,15.089089102491863
DS05,test,10,2,5.466947451404636e-07,27.787810497477594
DS05,test,10,3,2.396971510165713e-13,15.752636799039763
DS05,test,10,4,3.2488456369605956e-12,17.288056502937962
DS05,test,10,5,1.7782442185421132e-12,16.916559525127557
DS05,test,10,6,2.2777216557301472e-08,24.276237132057652
DS05,test,10,7,7.260858581048524e-14,15.107211788481232
DS05,test,10,8,2.652322805829499e-13,15.80900023527387
DS05,test,10,9,3.2852696359997324e-06,30.132329337481337
DS05,test,10,10,1.6648904477278847e-12,16.876587741221876
DS05,test,10,11,3.702160800145293e-11,18.9011965884482
DS05,test,10,12,4.615863247181551e-12,17.509439594178165
DS05,test,10,13,1.7463808177353712e-13,15.578130425131448
DS05,test,10,14,6.661338147750939e-15,13.911633165823309
DS05,test,10,15,7.008393865248763e-11,19.357100860220413
DS05,test,10,16,1.0753027357424116e-09,21.48606683879484
DS05,test,10,17,3.2983737963121484e-09,22.45437851933569
DS05,test,10,18,4.257777463934076e-10,20.72924369199356
DS05,test,10,19,2.6423307986078726e-14,14.587218237051644
DS05,test,10,20,3.864636003214628e-06,30.360487402934837
DS05,test,10,21,0.0,9.170011873369859
DS05,test,10,22,2.682802868747558e-10,20.365643248760193
DS05,test,10,23,3.7941846443567684e-06,30.33449941380536
DS05,test,10,24,3.3639757646142243e-14,14.708561308746889
DS05,test,10,25,1.2904122215218194e-12,16.723105850732797
DS05,test,10,26,8.443314292172488e-08,25.637492998577244
DS05,test,10,27,8.770761894538737e-15,14.046291293474434
DS05,test,10,28,9.370493270211e-11,19.56949281054278
DS05,test,10,29,5.715293793784326e-09,22.952022993537277
DS05,test,10,30,1.5176704337704905e-10,19.929103733843238
DS05,test,10,31,1.1013455702979513e-09,21.506121951967003
DS05,test,10,32,9.992007221626409e-15,14.109206858494982
DS05,test,10,33,3.334461040616077e-09,22.46407924852521
DS05,test,10,34,4.8698011179126865e-09,22.805480799383076
DS05,test,10,35,1.0460701194148214e-09,21.463000811354846
DS05,test,10,36,7.267824742029916e-08,25.476028608740748
DS05,test,10,37,4.449532742256679e-09,22.723456061101864
DS05,test,10,38,9.407015488793746e-08,25.754858191398824
DS05,test,10,39,1.989213238573484e-10,20.13482209672363
DS05,test,10,40,3.1821212331806237e-12,17.275104195497747
DS05,test,10,41,1.8044232774627744e-11,18.404794613863828
DS05,test,10,42,8.230052062074833e-08,25.60983107316207
DS05,test,10,43,0.0,11.123623051467348
DS05,test,10,44,8.738305715683126e-07,28.371949294478657
DS05,test,10,45,5.0182080713057076e-14,14.913978945294971
DS05,test,10,46,7.684397562712775e-11,19.424098036061306
DS05,test,10,47,0.0,11.395205102140295
DS05,test,10,48,0.0,11.368128024894176
DS05,test,10,49,7.771561172376096e-15,13.982558387085135
DS05,test,10,50,7.960299086562372e-14,15.155477701525072
DS05,test,10,51,5.1979606174867854e-08,25.12050558623848
DS05,test,10,52,2.1517007442461988e-07,26.681032884219594
DS05,test,10,53,2.169564528031742e-09,22.085406165930266
DS05,test,10,54,9.097982682781947e-07,28.423097374637948
DS05,test,10,55,3.203943776952656e-10,20.50434414105979
DS05,test,10,56,3.220982147666973e-09,22.43323237815537
DS05,test,10,57,3.935496484253065e-09,22.61256251882125
DS05,test,10,58,3.6002367254095446e-07,27.283323833783527
DS05,test,10,59,1.1349809980742975e-12,16.646490307528172
DS05,test,10,60,2.616117161680087e-06,29.817116642505027
DS05,test,10,61,2.7422508708241367e-14,14.606014994698896
DS05,test,10,62,1.8046220073841823e-10,20.060442694088472
DS05,test,10,63,2.774974694474963e-10,20.39193648635404
DS05,test,10,64,6.020816067930923e-10,21.007889371842985
DS05,test,10,65,1.7260040285904665e-08,24.001818536156435
DS05,test,10,66,6.827871601444713e-13,16.34745401804883
DS05,test,10,67,7.035905191798975e-11,19.35994529505136
DS05,test,10,68,1.5487421534121637e-07,26.30695864193565
DS05,test,10,69,2.016307509844495e-08,24.15506090769638
DS05,test,10,70,0.0,11.733715893186101
DS05,test,10,71,1.6885502329699875e-08,23.98030746002749
DS05,test,10,72,8.797503059376766e-09,23.3536401815374
DS05,test,10,73,5.840883332552949e-13,16.256874653906614
DS05,test,10,74,1.9065860001887813e-12,16.958997490103926
DS05,test,10,75,3.491171786107472e-07,27.24673907728525
DS05,test,10,76,3.2115421433331903e-11,18.801599186401184
DS05,test,10,77,2.9943723178771364e-07,27.065317419465487
DS05,test,10,78,9.855302907668673e-05,35.61403931891465
DS05,test,10,79,1.2026096785078266e-09,21.580064025528344
DS05,test,10,80,0.0010008264790727361,40.521469687190745
DS05,test,10,81,1.5433786471064082e-09,21.791730214184327
DS05,test,10,82,1.3948690290588317e-06,28.974157446071047
