dataset_id,split,engine_id,cycle,rul_pred,anomaly_score,anomaly_raw,is_validation_subset,orig_split,row_id
DS04,train,1,1,81.09014,0.0724494895493926,55.32152362182524,True,val,1
DS04,train,1,2,82.72967,9.028566783086943e-11,19.54213643164741,True,val,2
DS04,train,1,3,81.667,6.483620385022705e-08,25.354081509599,True,val,3
DS04,train,1,4,79.83706,1.212934464644988e-06,28.79206236204294,True,val,4
DS04,train,1,5,79.622536,3.117616165226877e-10,20.4829189964399,True,val,5
DS04,train,1,6,77.81431,9.240789611286716e-08,25.73544241766648,True,val,6
DS04,train,1,7,77.28111,4.02800022553107e-05,34.010483595489085,True,val,7
DS04,train,1,8,77.26333,2.3702140250492216e-10,20.26961196053432,True,val,8
DS04,train,1,9,77.11195,6.064727431365213e-08,25.283153460736624,True,val,9
DS04,train,1,10,77.040474,0.000117243381666,35.94147201429212,True,val,10
DS04,train,1,11,74.51694,0.9184288457249306,89.29900776976416,True,val,11
DS04,train,1,12,73.23327,9.173772852477668e-13,16.52038166659537,True,val,12
DS04,train,1,13,73.48236,1.850604538056189e-05,32.71877159792358,True,val,13
DS04,train,1,14,75.288994,2.513569168716145e-05,33.2168001316086,True,val,14
DS04,train,1,15,73.690056,1.5244624832932985e-05,32.410128815592,True,val,15
DS04,train,1,16,72.01836,3.2877428235433825e-07,27.175559070168685,True,val,16
DS04,train,1,17,69.84454,2.4344903870598955e-10,20.290300910855372,True,val,17
DS04,train,1,18,68.04333,0.0098016997814415,46.98352685858777,True,val,18
DS04,train,1,19,68.813576,0.0048648318413954,44.76079409996275,True,val,19
DS04,train,1,20,66.78044,1.1176681580238323e-08,23.580909857549408,True,val,20
DS04,train,1,21,66.90668,2.168265567092931e-13,15.697134458263037,True,val,21
DS04,train,1,22,65.22885,5.441923578430874e-10,20.926057207555864,True,val,22
DS04,train,1,23,64.56903,6.661338147750939e-16,12.84408416767877,True,val,23
DS04,train,1,24,64.385666,8.183946184181501e-06,31.4529039504634,True,val,24
DS04,train,1,25,63.338093,7.283063041541028e-14,15.109101785290546,True,val,25
DS04,train,1,26,63.065357,4.304936732835163e-05,34.12511908645547,True,val,26
DS04,train,1,27,60.776478,0.9064335867641048,88.25806957776872,True,val,27
DS04,train,1,28,60.376034,0.0090342884989832,46.711209737665456,True,val,28
DS04,train,1,29,58.724266,3.298886386282618e-09,22.45451700100231,True,val,29
DS04,train,1,30,58.70317,1.0894618540646661e-12,16.622142365667514,True,val,30
DS04,train,1,31,55.611446,0.3401445868695993,66.52882904519198,True,val,31
DS04,train,1,32,55.843933,1.97922855882382e-09,22.005678956306213,True,val,32
DS04,train,1,33,54.7737,0.9999999937916084,162.40682410584378,True,val,33
DS04,train,1,34,53.832626,5.372036149253745e-12,17.606202932638766,True,val,34
DS04,train,1,35,51.953354,5.871747532637528e-12,17.663263852167255,True,val,35
DS04,train,1,36,48.873978,1.6654055912113108e-10,19.999408920476444,True,val,36
DS04,train,1,37,49.912685,7.325395845469984e-09,23.181903550350384,True,val,37
DS04,train,1,38,47.1748,0.9988848192441708,114.30589915700406,True,val,38
DS04,train,1,39,45.939686,2.389970310545664e-08,24.32429980581029,True,val,39
DS04,train,1,40,46.35618,0.0075443573616832,46.12262160949823,True,val,40
DS04,train,1,41,47.781715,0.0005543079471027,39.14782015370304,True,val,41
DS04,train,1,42,47.538864,0.0001173311609937,35.94289530850568,True,val,42
DS04,train,1,43,45.67849,5.813763803708127e-09,22.967739258014863,True,val,43
DS04,train,1,44,43.463936,1.9947591499369643e-05,32.83956492478404,True,val,44
DS04,train,1,45,41.453995,4.506395256953511e-13,16.107987263462277,True,val,45
DS04,train,1,46,41.90978,2.311139778665705e-06,29.647838911391005,True,val,46
DS04,train,1,47,39.84172,3.774125456601496e-10,20.63346753380015,True,val,47
DS04,train,1,48,41.6424,2.0337265638104007e-05,32.870845855580725,True,val,48
DS04,train,1,49,38.871166,4.2683503031604175e-05,34.11036558196621,True,val,49
DS04,train,1,50,38.307045,9.451831690499012e-05,35.53605016324565,True,val,50
DS04,train,1,51,34.864056,1.4158070271719223e-09,21.718204452836005,True,val,51
DS04,train,1,52,35.81547,2.5733937203398227e-10,20.333297705157182,True,val,52
DS04,train,1,53,35.783085,6.0899836915484507e-05,34.73462901022085,True,val,53
DS04,train,1,54,34.917862,1.9509686721708166e-07,26.568770920891463,True,val,54
DS04,train,1,55,31.661568,3.739798245527837e-07,27.328660482378893,True,val,55
DS04,train,1,56,30.223036,0.4755233108290813,70.60422596834651,True,val,56
DS04,train,1,57,31.480799,5.246393319779941e-10,20.89654508638346,True,val,57
DS04,train,1,58,31.471367,1.1087091800199287e-08,23.573216344592367,True,val,58
DS04,train,1,59,29.898409,0.1757541776852376,60.78546390437259,True,val,59
DS04,train,1,60,27.94237,0.0023200376858982,42.66010103127842,True,val,60
DS04,train,1,61,28.090778,0.000844677676927,40.117091704013006,True,val,61
DS04,train,1,62,28.035374,3.3402502985779847e-10,20.537084518420933,True,val,62
DS04,train,1,63,25.853928,3.7236047578659276e-10,20.622800960226485,True,val,63
DS04,train,1,64,23.602745,4.639310868581603e-06,30.62057763105362,True,val,64
DS04,train,1,65,22.143406,7.670770685308526e-10,21.205758433850004,True,val,65
DS04,train,1,66,22.402573,1.2193628986523208e-05,32.060807761378726,True,val,66
DS04,train,1,67,22.259745,2.660094367001875e-13,15.810608278402176,True,val,67
DS04,train,1,68,21.192957,5.083825172058631e-06,30.752233080515005,True,val,68
DS04,train,1,69,19.01089,0.1997269965147139,61.74526540281519,True,val,69
DS04,train,1,70,18.566452,0.0,11.735081419726868,True,val,70
DS04,train,1,71,18.391409,3.6683040458562735e-06,30.286935631529303,True,val,71
DS04,train,1,72,18.568775,1.3427803313703635e-10,19.83695233077643,True,val,72
DS04,train,1,73,17.327723,3.5860203695392556e-14,14.742128949509883,True,val,73
DS04,train,1,74,17.9623,0.000634903895335,39.4549462714819,True,val,74
DS04,train,1,75,15.782959,0.2023082872594064,61.8448964997026,True,val,75
DS04,train,1,76,16.257357,4.0815661961346445e-10,20.69560155409318,True,val,76
DS04,train,1,77,13.221202,4.336203508104042e-05,34.13763739363178,True,val,77
DS04,train,1,78,12.485698,2.937635311783815e-06,29.976857781165755,True,val,78
DS04,train,1,79,10.896852,4.49976822469722e-09,22.73363621396706,True,val,79
DS04,train,1,80,11.289246,9.399700163559288e-06,31.661815967168707,True,val,80
DS04,train,1,81,10.189151,0.0002610011256073,37.526819118058654,True,val,81
DS04,train,1,82,10.174396,7.157611404684516e-07,28.12106520368496,True,val,82
DS04,train,1,83,8.651276,0.0004993496706219,38.91485516730567,True,val,83
DS04,train,1,84,7.802301,0.0008440616737471,40.11537054902991,True,val,84
DS04,train,1,85,7.374247,0.0030898058828924,43.4462194522466,True,val,85
DS04,train,1,86,7.097733,0.9998397568165036,123.3043529545388,True,val,86
DS04,train,1,87,6.3058724,0.0177990796459807,49.10439641458402,True,val,87
DS04,train,2,1,73.07314,0.0001238487361912,36.04598480287879,True,val,88
DS04,train,2,2,71.826515,5.856540265025689e-05,34.66496696137361,True,val,89
DS04,train,2,3,70.87227,1.089017764854816e-12,16.621871343370056,True,val,90
DS04,train,2,4,70.35709,0.9981362111513358,111.7673235408895,True,val,91
DS04,train,2,5,70.71621,1.206970079437042e-10,19.75716699599254,True,val,92
DS04,train,2,6,69.51131,3.327314102019585e-08,24.6587273292289,True,val,93
DS04,train,2,7,68.718254,0.0003710063227165,38.26689662994761,True,val,94
DS04,train,2,8,68.215546,1.303397390017835e-10,19.814634012896065,True,val,95
DS04,train,2,9,68.019714,2.687253974897885e-09,22.272809866790112,True,val,96
DS04,train,2,10,65.55083,0.0001761339618819,36.73144022339241,True,val,97
DS04,train,2,11,66.33151,0.0006905627338723,39.64752227975509,True,val,98
DS04,train,2,12,64.652534,1.2655978487430275e-09,21.62314158084965,True,val,99
DS04,train,2,13,64.37874,2.312745055454979e-05,33.0800518328517,True,val,100
DS04,train,2,14,61.44772,9.176107336195116e-07,28.43395845297365,True,val,101
DS04,train,2,15,60.848457,7.272665423052604e-05,35.054177877041376,True,val,102
DS04,train,2,16,60.55108,5.8717662843044145e-08,25.24892264450376,True,val,103
DS04,train,2,17,60.430077,2.1436186159462522e-12,17.03064828885519,True,val,104
DS04,train,2,18,61.08657,2.0300172653975324e-10,20.150377414168787,True,val,105
DS04,train,2,19,58.678513,0.1484899107290407,59.60074970019467,True,val,106
DS04,train,2,20,58.215965,6.366102089927493e-10,21.05322042667782,True,val,107
DS04,train,2,21,57.266644,0.0003314233333959,38.02638789383149,True,val,108
DS04,train,2,22,56.746227,4.3905024060819637e-10,20.75372367217336,True,val,109
DS04,train,2,23,55.080482,3.211086951893094e-11,18.801500081437062,True,val,110
DS04,train,2,24,53.951706,2.1610491174328672e-12,17.035613339545385,True,val,111
DS04,train,2,25,52.892147,6.51478870850042e-13,16.320175838777175,True,val,112
DS04,train,2,26,52.296284,8.265854001265893e-08,25.61452142478683,True,val,113
DS04,train,2,27,50.72522,1.1560641333119291e-10,19.725046966563056,True,val,114
DS04,train,2,28,50.175922,2.041997460011657e-09,22.03274292853517,True,val,115
DS04,train,2,29,49.060925,0.1495824933978452,59.650540951329134,True,val,116
DS04,train,2,30,48.749245,3.3884672845374553e-09,22.4784133722855,True,val,117
DS04,train,2,31,46.585644,1.6488526877189713e-08,23.957012360008623,True,val,118
DS04,train,2,32,46.686848,1.2452340270030502e-09,21.609440867133763,True,val,119
DS04,train,2,33,44.75821,8.96680425466201e-08,25.702714810378417,True,val,120
DS04,train,2,34,44.642582,3.443474394515533e-08,24.69379899678684,True,val,121
DS04,train,2,35,42.41107,1.5432100042289676e-14,14.319177607499048,True,val,122
DS04,train,2,36,41.85109,3.7791991758240334e-13,16.00800798885573,True,val,123
DS04,train,2,37,41.087627,3.2954750039948518e-12,17.296972793327313,True,val,124
DS04,train,2,38,40.008694,1.436318841641082e-10,19.887565571500936,True,val,125
DS04,train,2,39,38.822426,0.2549839548565417,63.75706816679584,True,val,126
DS04,train,2,40,36.822945,5.884487341845102e-10,20.989310490115077,True,val,127
DS04,train,2,41,36.46302,6.0527513889852e-08,25.2810588576446,True,val,128
DS04,train,2,42,35.628048,1.2773493041629004e-05,32.132945122222424,True,val,129
DS04,train,2,43,35.071503,3.408190080156359e-07,27.2181829669744,True,val,130
DS04,train,2,44,33.853024,4.623040566664738e-05,34.24879952368278,True,val,131
DS04,train,2,45,30.55334,4.7682739560128695e-06,30.6599309436334,True,val,132
DS04,train,2,46,29.805164,1.0209069145616922e-08,23.49455580280666,True,val,133
DS04,train,2,47,28.314892,1.2154007177134218e-05,32.05576458106077,True,val,134
DS04,train,2,48,29.54274,7.39676689898161e-08,25.49488956997142,True,val,135
DS04,train,2,49,29.55223,2.0384788706695467e-05,32.874623198048866,True,val,136
DS04,train,2,50,29.775915,7.82262588039373e-10,21.221886985262422,True,val,137
DS04,train,2,51,27.555191,1.7501777804795893e-11,18.38409647395813,True,val,138
DS04,train,2,52,26.916115,1.5765166949677225e-13,15.52238664824721,True,val,139
DS04,train,2,53,26.128273,1.4399770265072218e-10,19.889480920532883,True,val,140
DS04,train,2,54,24.781548,6.20008933083227e-10,21.031723748377125,True,val,141
DS04,train,2,55,22.811563,0.0198495443058771,49.51908257097519,True,val,142
DS04,train,2,56,21.980116,0.0053782618467206,45.06382603589254,True,val,143
DS04,train,2,57,21.151009,4.4220183070819995e-13,16.097186052875657,True,val,144
DS04,train,2,58,21.131548,5.493573262960183e-09,22.91567983705621,True,val,145
DS04,train,2,59,20.084248,8.21333999952989e-05,35.27631255848661,True,val,146
DS04,train,2,60,19.006718,5.606690217985211e-06,30.89414656151411,True,val,147
DS04,train,2,61,19.24542,0.0001012072939557,35.66378820014971,True,val,148
DS04,train,2,62,17.431318,5.518664858428224e-09,22.919861400338466,True,val,149
DS04,train,2,63,16.068018,6.826997855924333e-10,21.110232020519277,True,val,150
DS04,train,2,64,15.534193,2.8741896529460572e-08,24.50993254480447,True,val,151
DS04,train,2,65,15.891054,5.566481720009621e-10,20.94433823385154,True,val,152
DS04,train,2,66,15.3100605,7.942250661252537e-06,31.407994955917783,True,val,153
DS04,train,2,67,12.314353,1.011944234075024e-06,28.558732191033258,True,val,154
DS04,train,2,68,10.650214,0.0035905331752923,43.87137856149664,True,val,155
DS04,train,2,69,10.243795,0.0019843293681253,42.24430872462993,True,val,156
DS04,train,2,70,9.681822,1.1309647197643713e-06,28.70158406951379,True,val,157
DS04,train,2,71,10.879847,1.252257596950912e-06,28.833470456261487,True,val,158
DS04,train,2,72,7.9392986,0.0005519447973598,39.13823277986464,True,val,159
DS04,train,2,73,7.1952105,0.0024296064740002,42.78457781856549,True,val,160
DS04,train,3,1,87.10608,7.067492644308171e-05,35.002289820643455,False,train,161
DS04,train,3,2,88.23701,5.265307932988961e-07,27.74182699578453,False,train,162
DS04,train,3,3,88.06993,7.788031034516862e-07,28.226765344811227,False,train,163
DS04,train,3,4,87.72932,5.508766357742445e-06,30.868523498781254,False,train,164
DS04,train,3,5,86.01269,0.0128080474951436,47.905384261362286,False,train,165
DS04,train,3,6,84.88632,2.135575497219655e-06,29.540761394491145,False,train,166
DS04,train,3,7,83.71976,5.750576681506914e-10,20.97066025322561,False,train,167
DS04,train,3,8,82.37909,4.3129710913802905e-10,20.73951031379667,False,train,168
DS04,train,3,9,83.72081,0.1479290430877903,59.57510562016557,False,train,169
DS04,train,3,10,82.87419,7.937865323237592e-05,35.21375011138363,False,train,170
DS04,train,3,11,82.64705,0.0004480065802465,38.675700764415,False,train,171
DS04,train,3,12,79.85054,1.348732237005379e-11,18.20865724124505,False,train,172
DS04,train,3,13,80.71913,0.0069031880295673,45.83907114535308,False,train,173
DS04,train,3,14,80.112946,3.0716984511514056e-11,18.770552247848048,False,train,174
DS04,train,3,15,79.76682,1.2581169439584983e-10,19.78816953386942,False,train,175
DS04,train,3,16,77.963806,1.0904056546579e-09,21.497752545970712,False,train,176
DS04,train,3,17,76.62019,2.413084176922098e-10,20.283468948095848,False,train,177
DS04,train,3,18,75.93477,2.4081094844974334e-05,33.14628629090879,False,train,178
DS04,train,3,19,75.63902,2.5110025170249628e-11,18.63085538368981,False,train,179
DS04,train,3,20,74.850365,1.609766173693572e-07,26.35050530903819,False,train,180
DS04,train,3,21,74.07527,0.0009554184919985,40.40994093762252,False,train,181
DS04,train,3,22,72.57983,3.395972113307e-05,33.71935746169535,False,train,182
DS04,train,3,23,70.84152,8.120142983236711e-06,31.441168465677077,False,train,183
DS04,train,3,24,69.37623,1.002618065237826e-07,25.824459371631008,False,train,184
DS04,train,3,25,68.85068,0.0078287602518252,46.24200572372446,False,train,185
DS04,train,3,26,68.08658,2.765881967903283e-09,22.298238157349346,False,train,186
DS04,train,3,27,68.00771,4.771216752352814e-06,30.660817441227508,False,train,187
DS04,train,3,28,66.73959,9.286271751562936e-11,19.562843573583365,False,train,188
DS04,train,3,29,64.53893,1.1375228370358317e-07,25.96314135224508,False,train,189
DS04,train,3,30,63.3148,0.0020126433848258,42.28163360685258,False,train,190
DS04,train,3,31,62.544285,1.7715828803943625e-12,16.91428810051393,False,train,191
DS04,train,3,32,60.514412,2.991613174962993e-07,27.064233560205324,False,train,192
DS04,train,3,33,61.18717,3.025070971496291e-09,22.37748062082362,False,train,193
DS04,train,3,34,60.719723,1.1102230246251563e-15,13.07343534182112,False,train,194
DS04,train,3,35,59.900116,2.075009324664645e-05,32.903393435068594,False,train,195
DS04,train,3,36,59.18103,0.0251458451392877,50.45141179434711,False,train,196
DS04,train,3,37,58.113045,5.591083152012288e-13,16.231672349917826,False,train,197
DS04,train,3,38,56.990692,1.0761391777691642e-12,16.61478873288732,False,train,198
DS04,train,3,39,55.13881,7.872998919467021e-10,21.22717169167816,False,train,199
DS04,train,3,40,52.972683,5.101794777473412e-05,34.42109040278839,False,train,200
DS04,train,3,41,53.83301,5.676407344168409e-09,22.94574614418527,False,train,201
DS04,train,3,42,52.971382,1.3298856460508546e-09,21.665066768287534,False,train,202
DS04,train,3,43,50.50933,1.3245646712789494e-07,26.13188861768808,False,train,203
DS04,train,3,44,51.2306,0.0121798658256114,47.72864927217215,False,train,204
DS04,train,3,45,50.430923,7.304135074548411e-11,19.38713461857551,False,train,205
DS04,train,3,46,48.266895,3.153189431115422e-06,30.075134473916197,False,train,206
DS04,train,3,47,48.169518,1.4587631103069043e-10,19.899244286468395,False,train,207
DS04,train,3,48,47.93724,0.1471105174265056,59.5375772516895,False,train,208
DS04,train,3,49,45.428,1.3848001634286786e-09,21.699388882533665,False,train,209
DS04,train,3,50,46.01583,2.16866499347379e-06,29.561550922724585,False,train,210
DS04,train,3,51,44.30656,5.360936983223042e-08,25.15293882321644,False,train,211
DS04,train,3,52,43.705936,7.415408403654844e-06,31.305580096645407,False,train,212
DS04,train,3,53,42.895416,3.983961250342283e-06,30.40352275068477,False,train,213
DS04,train,3,54,42.490376,0.0003316945455753,38.02812094381686,False,train,214
DS04,train,3,55,41.551956,4.218847493575595e-15,13.70112609742931,False,train,215
DS04,train,3,56,40.81722,1.887379141862766e-15,13.31839702843918,False,train,216
DS04,train,3,57,40.152546,0.2542107884075011,63.73039656683073,False,train,217
DS04,train,3,58,39.380836,0.2283727143906812,62.8172179715711,False,train,218
DS04,train,3,59,38.210297,1.1741518868291223e-10,19.736610277258407,False,train,219
DS04,train,3,60,37.0074,0.0007380533631128,39.80130317980926,False,train,220
DS04,train,3,61,34.707584,6.432363774955263e-08,25.345637103127032,False,train,221
DS04,train,3,62,32.6918,2.1425747243064566e-07,26.67614551022325,False,train,222
DS04,train,3,63,32.86708,2.845478630497666e-09,22.323294033681464,False,train,223
DS04,train,3,64,31.774334,1.4432899320127037e-15,13.199109862765257,False,train,224
DS04,train,3,65,30.1016,1.4344081478157025e-13,15.470889167026508,False,train,225
DS04,train,3,66,29.307774,5.932369040451134e-10,20.9958818952548,False,train,226
DS04,train,3,67,27.949171,5.267824566557167e-07,27.74241093816874,False,train,227
DS04,train,3,68,28.249405,1.1045715897495256e-08,23.56964343074339,False,train,228
DS04,train,3,69,26.59158,1.5324992770682222e-05,32.418432922161344,False,train,229
DS04,train,3,70,25.639885,9.674483436583614e-13,16.551768380479956,False,train,230
DS04,train,3,71,24.994184,3.600839182382742e-09,22.53276551994542,False,train,231
DS04,train,3,72,24.400467,1.7276768904395112e-10,20.02728538454976,False,train,232
DS04,train,3,73,23.491425,5.753175713607561e-13,16.248147219639314,False,train,233
DS04,train,3,74,22.251377,7.699429982466201e-11,19.425522662549653,False,train,234
DS04,train,3,75,21.706734,3.855457854751165e-06,30.35712666909501,False,train,235
DS04,train,3,76,21.173798,1.0328616750321372e-05,31.80531925786414,False,train,236
DS04,train,3,77,19.951902,1.5280437929421351e-06,29.09397173141096,False,train,237
DS04,train,3,78,20.051674,0.016519491114327,48.82582185117786,False,train,238
DS04,train,3,79,18.912205,0.0027570548593892,43.129772948768334,False,train,239
DS04,train,3,80,18.884449,3.930939584950721e-08,24.82980977851205,False,train,240
DS04,train,3,81,17.688509,4.67186955788179e-10,20.80338249218279,False,train,241
DS04,train,3,82,17.077047,0.0019928925248111,42.25564539228081,False,train,242
DS04,train,3,83,16.928804,4.0651504606969986e-08,24.864475173913632,False,train,243
DS04,train,3,84,16.993776,0.0058231197365549,45.307272715714696,False,train,244
DS04,train,3,85,15.814806,7.247035939128565e-07,28.13657334904593,False,train,245
DS04,train,3,86,15.429055,6.661338147750939e-16,12.8834887822918,False,train,246
DS04,train,3,87,14.504304,1.0506467762461115e-07,25.87573167339019,False,train,247
DS04,train,3,88,13.555914,1.1532667565372635e-07,25.978310144252852,False,train,248
DS04,train,3,89,12.765819,1.3344769733691919e-11,18.201552975597487,False,train,249
DS04,train,3,90,12.729744,4.426031731119552e-07,27.530911580715696,False,train,250
DS04,train,3,91,11.916247,0.0277733799827697,50.85752693007234,False,train,251
DS04,train,3,92,11.157318,2.272737553710158e-12,17.06654190563777,False,train,252
DS04,train,3,93,11.113484,5.849300877613928e-05,34.66276666049389,False,train,253
DS04,train,3,94,10.773979,1.410827010772664e-11,18.23880612679152,False,train,254
DS04,train,3,95,9.84662,1.6135403013706195e-09,21.82975430890495,False,train,255
DS04,train,3,96,9.381233,7.600464702051112e-10,21.198188578909875,False,train,256
DS04,train,3,97,8.617445,9.363005815110624e-09,23.41248494268029,False,train,257
DS04,train,3,98,8.348362,4.778591977672164e-08,25.03244873926596,False,train,258
DS04,train,3,99,8.58555,2.8965718712470334e-13,15.858274713492396,False,train,259
DS04,train,3,100,8.02827,5.991749862932494e-08,25.27032907847704,False,train,260
DS04,train,4,1,72.30244,1.1576409830738044e-08,23.614544286461665,False,train,261
DS04,train,4,2,71.488625,3.80151610190893e-09,22.581413844316657,False,train,262
DS04,train,4,3,69.69659,2.8550273256655597e-11,18.719689940898192,False,train,263
DS04,train,4,4,69.74313,1.4398038317153803e-11,18.252446977852895,False,train,264
DS04,train,4,5,69.05324,2.9930391498567126e-11,18.75249329137445,False,train,265
DS04,train,4,6,68.3427,1.54002530727837e-08,23.89033707857888,False,train,266
DS04,train,4,7,67.91048,8.523097638768463e-08,25.647673694749397,False,train,267
DS04,train,4,8,64.586655,2.5124230297324246e-06,29.761709690541373,False,train,268
DS04,train,4,9,64.06191,6.02842220587263e-11,19.248181233175,False,train,269
DS04,train,4,10,64.11032,1.003706012903116e-05,31.76159989905928,False,train,270
DS04,train,4,11,63.97557,2.788838382450365e-09,22.30553364499123,False,train,271
DS04,train,4,12,62.902973,0.1654394893312961,60.35051137933674,False,train,272
DS04,train,4,13,62.013218,0.3423954166330688,66.59872753546694,False,train,273
DS04,train,4,14,63.65342,0.0112278223814358,47.44605068504584,False,train,274
DS04,train,4,15,60.201324,0.2158849612163436,62.358607857234105,False,train,275
DS04,train,4,16,56.90985,0.0001823235635048,36.79999341293372,False,train,276
DS04,train,4,17,57.0601,7.972622562135712e-12,17.861331307351996,False,train,277
DS04,train,4,18,55.359123,1.015605916410145e-05,31.77958300892377,False,train,278
DS04,train,4,19,56.264584,2.1645463199604364e-11,18.52883054860989,False,train,279
DS04,train,4,20,56.453835,0.0015404194962924,41.58900154904603,False,train,280
DS04,train,4,21,55.301094,3.600983955465153e-10,20.596330635910817,False,train,281
DS04,train,4,22,53.287315,3.9491210301889613e-10,20.669397132487763,False,train,282
DS04,train,4,23,51.979275,0.0004742667580457,38.80088995735324,False,train,283
DS04,train,4,24,52.461308,6.106226635438361e-15,13.87199993114224,False,train,284
DS04,train,4,25,51.619392,4.730471347969001e-09,22.77905316248876,False,train,285
DS04,train,4,26,50.794476,2.9835196957428423e-06,29.998323306932832,False,train,286
DS04,train,4,27,50.404015,1.763826792333667e-05,32.64183836548011,False,train,287
DS04,train,4,28,48.66941,1.8474195506712478e-09,21.946104203862813,False,train,288
DS04,train,4,29,48.76622,2.109631240143628e-06,29.52425154402417,False,train,289
DS04,train,4,30,46.65164,5.503026145881051e-09,22.91725727846633,False,train,290
DS04,train,4,31,47.018414,2.0661250488274166e-13,15.670578305860666,False,train,291
DS04,train,4,32,45.213066,5.3417104073361095e-08,25.149161090720668,False,train,292
DS04,train,4,33,41.92602,0.0001821803741011,36.79843126381317,False,train,293
DS04,train,4,34,41.41634,6.7061878272767225e-09,23.099727961868503,False,train,294
DS04,train,4,35,41.544796,8.86971940339265e-09,23.361349992854933,False,train,295
DS04,train,4,36,41.893414,0.0438636293123591,52.84927787704376,False,train,296
DS04,train,4,37,39.717285,1.3548051569500785e-12,16.752320430806844,False,train,297
DS04,train,4,38,39.61208,1.4792278513198198e-10,19.9097450302484,False,train,298
DS04,train,4,39,38.080612,2.0294710700863305e-07,26.613904706717825,False,train,299
DS04,train,4,40,36.935303,1.628921442176079e-09,21.83788103077091,False,train,300
DS04,train,4,41,34.868404,2.4424673394918273e-09,22.18888946909782,False,train,301
DS04,train,4,42,33.91792,2.8791413697604185e-12,17.212750055237493,False,train,302
DS04,train,4,43,31.975523,1.0861311849907906e-12,16.620279256311896,False,train,303
DS04,train,4,44,31.10585,1.5107286754911797e-08,23.87163082257769,False,train,304
DS04,train,4,45,29.675955,8.009505170214481e-09,23.26540631930932,False,train,305
DS04,train,4,46,30.068172,1.4518574564803544e-08,23.832986091259546,False,train,306
DS04,train,4,47,29.030426,0.0011535523831527,40.866621887919024,False,train,307
DS04,train,4,48,28.051352,2.387312569851474e-12,17.096810217659606,False,train,308
DS04,train,4,49,27.881847,5.361378008217344e-12,17.60493251328881,False,train,309
DS04,train,4,50,22.758638,0.0002238349180334,37.21223406902518,False,train,310
DS04,train,4,51,21.339249,8.919813908925267e-05,35.428484501792745,False,train,311
DS04,train,4,52,20.963545,2.75607314748072e-11,18.69522854284758,False,train,312
DS04,train,4,53,20.432016,1.905142710256769e-13,15.62584242799402,False,train,313
DS04,train,4,54,21.579128,5.524201796003325e-07,27.80057954843724,False,train,314
DS04,train,4,55,19.480871,1.5948885658811918e-05,32.481574191770164,False,train,315
DS04,train,4,56,19.585083,2.4214636018538016e-07,26.817403811762667,False,train,316
DS04,train,4,57,18.05075,8.590614216652526e-07,28.350378278142284,False,train,317
DS04,train,4,58,18.42154,1.9872992140790305e-13,15.649007483785766,False,train,318
DS04,train,4,59,16.286829,6.543279961357396e-05,34.86324949835676,False,train,319
DS04,train,4,60,15.692867,7.186524952906836e-08,25.463974736716256,False,train,320
DS04,train,4,61,15.80692,5.56223067604833e-10,20.94372068811076,False,train,321
DS04,train,4,62,16.166021,3.06028985153084e-07,27.090938361100186,False,train,322
DS04,train,4,63,14.316979,5.7300167055629465e-08,25.22309819548,False,train,323
DS04,train,4,64,12.658896,1.1238967645432751e-08,23.586224534142023,False,train,324
DS04,train,4,65,11.373285,7.551918768111676e-08,25.517180336317328,False,train,325
DS04,train,4,66,10.719154,1.4691948566625257e-06,29.04227087443522,False,train,326
DS04,train,4,67,11.993953,0.0002258993207351,37.23089160895476,False,train,327
DS04,train,4,68,9.344477,0.0001282659751757,36.11310974606014,False,train,328
DS04,train,4,69,7.7012615,0.015333377048983,48.55165116301558,False,train,329
DS04,train,5,1,84.27993,3.520050917416029e-11,18.86577756464706,False,train,330
DS04,train,5,2,84.04698,6.607463465257979e-10,21.08354584403485,False,train,331
DS04,train,5,3,85.497955,0.9265344959983264,90.07483499158629,False,train,332
DS04,train,5,4,84.55775,1.0154826091124391e-08,23.4894897518306,False,train,333
DS04,train,5,5,84.84993,0.0005262334524945,39.03150483551033,False,train,334
DS04,train,5,6,82.622246,2.583996350224993e-10,20.33648889971764,False,train,335
DS04,train,5,7,83.11138,6.571743149663689e-12,17.735859536769723,False,train,336
DS04,train,5,8,79.83792,1.2334438177274976e-05,32.078609602584955,False,train,337
DS04,train,5,9,77.51768,0.1090798871446436,57.62947881417877,False,train,338
DS04,train,5,10,77.46252,1.218071199460269e-10,19.76400007537428,False,train,339
DS04,train,5,11,77.99426,6.238698446736635e-10,21.03677130295328,False,train,340
DS04,train,5,12,80.60785,3.6729181918104814e-09,22.55052680926399,False,train,341
DS04,train,5,13,79.62962,0.0026031047987595,42.97213700312968,False,train,342
DS04,train,5,14,79.321304,1.1457501614131618e-13,15.349509567130362,False,train,343
DS04,train,5,15,77.82068,1.610993654421744e-05,32.49750594233046,False,train,344
DS04,train,5,16,76.46508,6.031547846729879e-07,27.908638210722643,False,train,345
DS04,train,5,17,73.696915,0.0002059270839706,37.04358922095638,False,train,346
DS04,train,5,18,72.43279,1.0105249970138177e-12,16.577523269982816,False,train,347
DS04,train,5,19,71.24256,1.253532833089821e-10,19.78543991387617,False,train,348
DS04,train,5,20,70.509865,1.7797985307765884e-12,16.917107455194593,False,train,349
DS04,train,5,21,68.95928,5.453129436894245e-08,25.17087860852345,False,train,350
DS04,train,5,22,67.458626,0.2355207805741147,63.074363150340886,False,train,351
DS04,train,5,23,66.99335,0.0002436794832122,37.38555719663508,False,train,352
DS04,train,5,24,66.46023,0.0112584251524165,47.45543420020951,False,train,353
DS04,train,5,25,66.14631,7.051026429394369e-13,16.36616204801267,False,train,354
DS04,train,5,26,64.71905,2.0723533999955634e-11,18.499058729913443,False,train,355
DS04,train,5,27,62.239456,3.8178349370809877e-11,18.922843588374533,False,train,356
DS04,train,5,28,62.336197,1.7271510824867775e-06,29.256173164283908,False,train,357
DS04,train,5,29,61.210014,1.6586090201275996e-07,26.38426190608369,False,train,358
DS04,train,5,30,60.631283,2.317148251052004e-08,24.29336744215728,False,train,359
DS04,train,5,31,60.399796,1.6500291133425547e-09,21.84891613857801,False,train,360
DS04,train,5,32,58.477592,1.852752018471904e-08,24.071494069467384,False,train,361
DS04,train,5,33,58.568016,3.367115632790796e-05,33.70491862319386,False,train,362
DS04,train,5,34,57.687153,1.3817991195708146e-10,19.858459544468776,False,train,363
DS04,train,5,35,57.15397,9.071173812102983e-10,21.344274858965044,False,train,364
DS04,train,5,36,54.668915,4.354275179418998e-06,30.529891609696797,False,train,365
DS04,train,5,37,54.960724,1.9822610219932807e-10,20.13214181785788,False,train,366
DS04,train,5,38,53.756306,6.1100131620861475e-09,23.013553118820475,False,train,367
DS04,train,5,39,51.45438,0.000249674697336,37.43543694381785,False,train,368
DS04,train,5,40,49.77952,6.2684297752468865e-09,23.037199503288733,False,train,369
DS04,train,5,41,48.686546,6.556977183436176e-13,16.32389759310169,False,train,370
DS04,train,5,42,51.075264,3.962294941817213e-06,30.39579783427711,False,train,371
DS04,train,5,43,51.65563,2.826627820695649e-12,17.201312753767528,False,train,372
DS04,train,5,44,49.99949,4.3104572747809655e-06,30.515467623520323,False,train,373
DS04,train,5,45,49.7922,7.998801621056373e-11,19.45337053723067,False,train,374
DS04,train,5,46,46.908176,9.960061664315843e-10,21.42204367087468,False,train,375
DS04,train,5,47,44.651623,4.2491550344969653e-07,27.48173685814348,False,train,376
DS04,train,5,48,43.777134,2.8126456719235193e-10,20.40244527651988,False,train,377
DS04,train,5,49,42.890583,1.2008172234345693e-12,16.680089158178053,False,train,378
DS04,train,5,50,40.095303,7.3997599159270075e-09,23.191328433766312,False,train,379
DS04,train,5,51,40.07571,5.894839061326707e-10,20.990735428103328,False,train,380
DS04,train,5,52,42.502563,1.1534107002830753e-12,16.656054062021383,False,train,381
DS04,train,5,53,41.467525,1.3785972363677956e-11,18.223320539462005,False,train,382
DS04,train,5,54,39.955074,2.1904700275854339e-13,15.702942679262884,False,train,383
DS04,train,5,55,35.489662,8.921441363440863e-11,19.53336356491584,False,train,384
DS04,train,5,56,38.106678,4.6859770246321375e-06,30.634933013603973,False,train,385
DS04,train,5,57,34.73853,3.4009062233053555e-10,20.55124866998268,False,train,386
DS04,train,5,58,34.063274,3.678094495640493e-10,20.613074354728766,False,train,387
DS04,train,5,59,31.545116,2.439548563160088e-11,18.610957322169163,False,train,388
DS04,train,5,60,31.34439,1.5035794831419477e-10,19.922062561338947,False,train,389
DS04,train,5,61,31.83274,1.433268585926406e-06,29.009756467445204,False,train,390
DS04,train,5,62,29.781055,9.90131573264108e-06,31.74084568293189,False,train,391
DS04,train,5,63,29.724796,6.628031457012186e-14,15.059430352491605,False,train,392
DS04,train,5,64,28.828997,1.1560213231120995e-08,23.61320285281483,False,train,393
DS04,train,5,65,27.69092,0.0026998669460177,43.07211948380302,False,train,394
DS04,train,5,66,27.90362,1.723066134218243e-13,15.57082709987676,False,train,395
DS04,train,5,67,28.66824,0.0001743757878103,36.711573341828114,False,train,396
DS04,train,5,68,27.875954,1.5516807684301526e-06,29.114219691562184,False,train,397
DS04,train,5,69,26.671297,7.293946779896032e-09,23.17789055721324,False,train,398
DS04,train,5,70,24.923223,4.97903499270258e-05,34.3783594919117,False,train,399
DS04,train,5,71,24.768375,1.1542967899291767e-06,28.72794180634598,False,train,400
DS04,train,5,72,23.566982,0.0001290733133285,36.1251526662625,False,train,401
DS04,train,5,73,23.109392,1.0413120887786677e-07,25.86594070877546,False,train,402
DS04,train,5,74,21.476719,0.0002132825925963,37.114389309097454,False,train,403
DS04,train,5,75,20.082315,1.3161027823116456e-11,18.19228259675292,False,train,404
DS04,train,5,76,20.072956,2.050098979466952e-10,20.157924227781574,False,train,405
DS04,train,5,77,20.103308,0.0599814665053906,54.35065252134796,False,train,406
DS04,train,5,78,20.011663,4.852884760708776e-11,19.09276931218398,False,train,407
DS04,train,5,79,18.76195,5.234502446094247e-05,34.466246699247705,False,train,408
DS04,train,5,80,18.457493,1.3858691971790904e-11,18.22684390078497,False,train,409
DS04,train,5,81,18.057756,2.1031642427615796e-08,24.196882181017987,False,train,410
DS04,train,5,82,15.912709,0.0001192697230328,35.974085990526284,False,train,411
DS04,train,5,83,14.827222,1.4903744904870564e-11,18.27563754112512,False,train,412
DS04,train,5,84,14.910692,2.177702462802245e-12,17.040302550158508,False,train,413
DS04,train,5,85,13.581847,7.580047700628256e-12,17.828434713587985,False,train,414
DS04,train,5,86,13.181918,7.203241744191402e-07,28.12900085345659,False,train,415
DS04,train,5,87,12.865822,1.2300077667504186e-07,26.049581898955665,False,train,416
DS04,train,5,88,13.244428,5.604567094863455e-07,27.81829667596883,False,train,417
DS04,train,5,89,12.7492075,2.7578511041514986e-07,26.968840246609663,False,train,418
DS04,train,5,90,12.615546,0.0004183328799993,38.526149111501205,False,train,419
DS04,train,5,91,11.403479,8.764759562573944e-08,25.67797524701086,False,train,420
DS04,train,5,92,11.33596,0.985730664419592,100.75759664971872,False,train,421
DS04,train,5,93,10.06661,1.607835864447793e-09,21.826721701418187,False,train,422
DS04,train,5,94,8.558245,0.0349811899584072,51.83615712665859,False,train,423
DS04,train,5,95,8.15692,0.0243646064810229,50.32427585832528,False,train,424
DS04,train,5,96,8.182011,0.0012276065042382,41.019786010013405,False,train,425
DS04,train,5,97,8.3182745,0.0098020167572412,46.98363564622328,False,train,426
DS04,train,5,98,7.7208004,2.3696232337888645e-05,33.11984935517746,False,train,427
DS04,train,5,99,7.32499,0.3957197636592074,68.22471968103072,False,train,428
DS04,train,5,100,6.5295873,0.9999999593530596,155.80413566847037,False,train,429
DS04,train,6,1,81.10495,3.7750697012839404e-09,22.575143234640606,True,val,430
DS04,train,6,2,76.66063,0.0001432718334211,36.326574171923696,True,val,431
DS04,train,6,3,77.640724,6.206025693344941e-09,23.027952586828103,True,val,432
DS04,train,6,4,75.38587,1.467576837832496e-09,21.74876820197307,True,val,433
DS04,train,6,5,77.69468,1.3800758313919912e-09,21.69648721139498,True,val,434
DS04,train,6,6,77.04443,1.468034885987457e-05,32.35066920771641,True,val,435
DS04,train,6,7,76.90597,5.90183457660487e-12,17.666553504761584,True,val,436
DS04,train,6,8,75.2803,8.381887073305451e-09,23.308075736517605,True,val,437
DS04,train,6,9,74.44694,1.7343974800798636e-07,26.43484564023821,True,val,438
DS04,train,6,10,72.63761,7.889675801564522e-09,23.25127766428256,True,val,439
DS04,train,6,11,71.05368,0.0001431792252782,36.32531973807853,True,val,440
DS04,train,6,12,69.5319,5.7578006029679336e-08,25.228206795008425,True,val,441
DS04,train,6,13,68.51361,4.039402146105431e-11,18.962620774978674,True,val,442
DS04,train,6,14,67.803024,3.163025397157071e-13,15.907595478995027,True,val,443
DS04,train,6,15,68.37818,8.335274137571957e-09,23.30283346672418,True,val,444
DS04,train,6,16,66.04503,4.575944623219641e-09,22.74887059636081,True,val,445
DS04,train,6,17,65.40763,1.9176105148233088e-11,18.446141485497265,True,val,446
DS04,train,6,18,64.72922,1.4466067232987712e-09,21.736512637799333,True,val,447
DS04,train,6,19,64.74541,2.53553580353838e-08,24.383563673786973,True,val,448
DS04,train,6,20,63.777596,7.939005008950062e-11,19.447888443493337,True,val,449
DS04,train,6,21,63.393936,0.000694440558087,39.66042307228529,True,val,450
DS04,train,6,22,61.818497,8.166883455063001e-07,28.28652145393464,True,val,451
DS04,train,6,23,59.057564,1.3505085938447792e-10,19.84125890515446,True,val,452
DS04,train,6,24,58.156403,2.4280577548552174e-13,15.75977810238048,True,val,453
DS04,train,6,25,57.40854,9.097389508383458e-12,17.94770134068219,True,val,454
DS04,train,6,26,57.212036,7.741118857040874e-11,19.42946150937427,True,val,455
DS04,train,6,27,54.936123,7.585421180067442e-11,19.4146465946182,True,val,456
DS04,train,6,28,54.6097,4.3266401572594766e-08,24.92903682408549,True,val,457
DS04,train,6,29,53.594448,2.1604940059205546e-13,15.695338204664411,True,val,458
DS04,train,6,30,55.08325,1.51659626523859e-06,29.084060975505054,True,val,459
DS04,train,6,31,53.084953,5.2362934543914725e-08,25.128218915727444,True,val,460
DS04,train,6,32,53.304424,0.0031644422838693,43.513165686873776,True,val,461
DS04,train,6,33,51.37268,9.97879556763337e-12,18.00853684553453,True,val,462
DS04,train,6,34,50.48365,4.65636029733929e-09,22.764695490197308,True,val,463
DS04,train,6,35,47.436153,4.776381512527904e-10,20.821109395594995,True,val,464
DS04,train,6,36,44.92548,0.0127144228174324,47.87949797629034,True,val,465
DS04,train,6,37,43.689285,0.2130083735344913,62.25114662327919,True,val,466
DS04,train,6,38,43.82623,2.096714859511906e-07,26.651287463453738,True,val,467
DS04,train,6,39,42.937424,2.510658347887329e-12,17.12789315690586,True,val,468
DS04,train,6,40,42.56964,3.124295404310917e-05,33.578745812176,True,val,469
DS04,train,6,41,41.37195,7.565950388421784e-08,25.51917506712808,True,val,470
DS04,train,6,42,38.566082,1.3826947521389243e-06,28.962681223581274,True,val,471
DS04,train,6,43,38.231285,2.9901747744531804e-11,18.751828477842796,True,val,472
DS04,train,6,44,36.481907,2.8506197402577985e-11,18.718618933125683,True,val,473
DS04,train,6,45,36.10548,8.920775362852852e-08,25.697124995812327,True,val,474
DS04,train,6,46,35.37505,2.4231821993403457e-08,24.338114135205892,True,val,475
DS04,train,6,47,33.178165,3.6513172485541645e-09,22.545238769125117,True,val,476
DS04,train,6,48,33.55577,7.950685665392142e-10,21.23525966864082,True,val,477
DS04,train,6,49,37.722115,0.0084691444275438,46.498162146151344,True,val,478
DS04,train,6,50,37.3598,8.001299622861778e-10,21.24048898300161,True,val,479
DS04,train,6,51,36.778103,8.859813875883304e-07,28.38944366889939,True,val,480
DS04,train,6,52,34.91763,4.1010861373536045e-11,18.973326531489462,True,val,481
DS04,train,6,53,31.527626,1.1464329187971243e-05,31.965475175163515,True,val,482
DS04,train,6,54,29.74473,1.4112790158726796e-08,23.80548156670088,True,val,483
DS04,train,6,55,27.741417,7.29798720344732e-08,25.48046853069051,True,val,484
DS04,train,6,56,27.176788,8.741240569931641e-06,31.551977581729727,True,val,485
DS04,train,6,57,25.920763,0.0002811935191963,37.68128564565363,True,val,486
DS04,train,6,58,25.122889,1.260853643714199e-10,19.789794801511945,True,val,487
DS04,train,6,59,23.103983,0.0209903304334523,49.73521269555839,True,val,488
DS04,train,6,60,22.246578,6.019737852636099e-08,25.27526463701578,True,val,489
DS04,train,6,61,21.312181,5.232556610224037e-09,22.871080102776887,True,val,490
DS04,train,6,62,21.31248,1.2575154828553536e-07,26.07411966139272,True,val,491
DS04,train,6,63,20.063173,4.155564781171961e-13,16.06188122804521,True,val,492
DS04,train,6,64,20.19437,6.782921736503411e-07,28.05406333605225,True,val,493
DS04,train,6,65,21.146605,9.637268760798179e-10,21.394590677073744,True,val,494
DS04,train,6,66,18.811954,6.64934107774684e-10,21.088700528692915,True,val,495
DS04,train,6,67,17.03121,0.0244993660160871,50.34643207336413,True,val,496
DS04,train,6,68,15.053266,0.0020693789625639,42.35507925300302,True,val,497
DS04,train,6,69,15.9663315,6.29088913073339e-07,27.96064738079616,True,val,498
DS04,train,6,70,15.20045,9.288005142771285e-09,23.404876171896586,True,val,499
DS04,train,6,71,15.551052,3.237338064288053e-09,22.4377410498791,True,val,500
DS04,train,6,72,15.095716,0.0021519995755576,42.458982344010266,True,val,501
DS04,train,6,73,13.766756,6.831907035653728e-07,28.06301563953403,True,val,502
DS04,train,6,74,13.728777,8.07766686985456e-05,35.245741255442006,True,val,503
DS04,train,6,75,12.713046,4.375875217732528e-09,22.708331753858364,True,val,504
DS04,train,6,76,12.092727,6.886675501394102e-05,34.95541822740218,True,val,505
DS04,train,6,77,9.24458,0.0020627586842176,42.346599449779966,True,val,506
DS04,train,6,78,8.780982,0.0263617037103736,50.64325883688454,True,val,507
DS04,train,6,79,8.688366,0.0103922762247041,47.1813674375462,True,val,508
DS04,train,6,80,8.165565,0.102842954813459,57.27786637609269,True,val,509
DS04,train,6,81,6.6599083,0.550396955866178,72.85689795228176,True,val,510
DS04,train,6,82,7.126648,0.979972997674596,98.72486525672876,True,val,511
DS04,train,6,83,6.192935,0.9997591635846368,121.4812747701028,True,val,512
DS04,test,7,1,82.27702,0.0001735458672131,36.70213294545326,False,test,513
DS04,test,7,2,80.57443,2.813305144400147e-13,15.841861761642848,False,test,514
DS04,test,7,3,80.715004,2.97570507090672e-06,29.99468913477014,False,test,515
DS04,test,7,4,80.75455,1.1050560466685509e-10,19.69148701823562,False,test,516
DS04,test,7,5,79.13665,1.3544720900426911e-14,14.253960613067012,False,test,517
DS04,test,7,6,76.234665,0.0009554460094145,40.41000991938552,False,test,518
DS04,test,7,7,73.8504,0.0008418443078658,40.10916592573992,False,test,519
DS04,test,7,8,77.67158,2.6756685977957773e-08,24.43767034484156,False,test,520
DS04,test,7,9,73.52889,0.0299008363172319,51.16498081216765,False,test,521
DS04,test,7,10,70.648,2.76368483653755e-10,20.38876089760248,False,test,522
DS04,test,7,11,64.819244,1.0967226016234122e-09,21.502594923682917,False,test,523
DS04,test,7,12,67.77898,3.996503128433915e-11,18.9550838827387,False,test,524
DS04,test,7,13,75.41969,0.7763714610475183,80.79385873356003,False,test,525
DS04,test,7,14,73.83114,4.300659828260223e-11,19.00694264431707,False,test,526
DS04,test,7,15,75.68625,4.530949128678241e-05,34.213809930261014,False,test,527
DS04,test,7,16,74.409744,8.813771934512714e-11,19.52444406407521,False,test,528
DS04,test,7,17,68.18803,3.0906359693716463e-09,22.396508882307984,False,test,529
DS04,test,7,18,66.87801,1.1872092198217388e-10,19.744854128193964,False,test,530
DS04,test,7,19,63.284973,0.9989960313661556,114.81594568170392,False,test,531
DS04,test,7,20,63.0439,4.165713878845345e-06,30.466840372908127,False,test,532
DS04,test,7,21,61.732685,0.0053560224984995,45.05121660677823,False,test,533
DS04,test,7,22,63.695766,1.4714718682751204e-05,32.3543502326734,False,test,534
DS04,test,7,23,65.92057,4.3335700250501936e-08,24.93069752106801,False,test,535
DS04,test,7,24,63.435177,5.960902882407025e-10,20.999774024361688,False,test,536
DS04,test,7,25,62.280003,5.107127132308875e-08,25.10201301536388,False,test,537
DS04,test,7,26,63.451256,0.0519390343871783,53.64443657021042,False,test,538
DS04,test,7,27,64.10755,7.88064835610669e-10,21.22797149431787,False,test,539
DS04,test,7,28,63.474697,1.2680023697697607e-10,19.79402343836683,False,test,540
DS04,test,7,29,62.619083,0.0020793521295221,42.36780957838656,False,test,541
DS04,test,7,30,59.80621,0.0002959633194438,37.78811938067872,False,test,542
DS04,test,7,31,60.385647,8.45064795917949e-10,21.285588678819263,False,test,543
DS04,test,7,32,57.306828,2.334942239556881e-10,20.25803155930688,False,test,544
DS04,test,7,33,51.194817,3.4861002973229915e-14,14.727460570855849,False,test,545
DS04,test,7,34,50.819714,2.349491379227686e-09,22.15491725166985,False,test,546
DS04,test,7,35,54.51751,5.04284620050921e-06,30.74054962236204,False,test,547
DS04,test,7,36,53.028923,0.0009930981259186,40.50280515470398,False,test,548
DS04,test,7,37,52.767506,5.125291572261048e-07,27.70892217014415,False,test,549
DS04,test,7,38,48.696014,7.517070299556393e-10,21.189123235290023,False,test,550
DS04,test,7,39,48.499393,0.3532229723909033,66.93328653533064,False,test,551
DS04,test,7,40,48.907555,3.734982498038164e-05,33.88110679511897,False,test,552
DS04,test,7,41,48.79833,4.899414207670816e-13,16.15584956062597,False,test,553
DS04,test,7,42,45.838207,0.111933847517472,57.78602543523823,False,test,554
DS04,test,7,43,44.076332,4.6443233426840536e-06,30.622125927496487,False,test,555
DS04,test,7,44,41.59641,1.3005152510459084e-12,16.727753349800487,False,test,556
DS04,test,7,45,43.94941,4.798739183797807e-11,19.08477579531559,False,test,557
DS04,test,7,46,47.77876,2.2767496743458798e-07,26.746121322413103,False,test,558
DS04,test,7,47,44.110996,4.7646109280208287e-11,19.079693528260933,False,test,559
DS04,test,7,48,39.453953,0.001374212741537,41.30060851233464,False,test,560
DS04,test,7,49,38.682774,0.0087575959638958,46.60832502335396,False,test,561
DS04,test,7,50,39.653915,6.050245970889989e-09,23.00448148410294,False,test,562
DS04,test,7,51,32.202885,0.9984725552000708,112.7601980039372,False,test,563
DS04,test,7,52,28.520422,0.9796705349839708,98.6332449339889,False,test,564
DS04,test,7,53,28.005804,3.9503289528397545e-11,18.946886210945,False,test,565
DS04,test,7,54,30.792295,5.449366525356325e-06,30.85277555758618,False,test,566
DS04,test,7,55,33.827217,7.734585634411317e-06,31.368394132030204,False,test,567
DS04,test,7,56,31.362007,7.247535904753022e-13,16.38215709519338,False,test,568
DS04,test,7,57,32.88303,7.080230846057133e-10,21.14002397738424,False,test,569
DS04,test,7,58,31.348125,4.5973408790978e-07,27.57682383444056,False,test,570
DS04,test,7,59,32.18136,1.1746253641975455e-06,28.75050662650513,False,test,571
DS04,test,7,60,32.069397,1.703204244307699e-11,18.36567242588395,False,test,572
DS04,test,7,61,34.15663,7.0286836526545216e-06,31.22605240279384,False,test,573
DS04,test,7,62,32.158195,4.0565314241014505e-07,27.42596641637732,False,test,574
DS04,test,7,63,29.957098,9.38111409554132e-07,28.46205579554954,False,test,575
DS04,test,7,64,26.76665,8.660161476825579e-11,19.511538803243784,False,test,576
DS04,test,7,65,25.829554,2.7288103960243504e-05,33.35271023773786,False,test,577
DS04,test,7,66,23.966461,3.045488542463559e-07,27.08523048162132,False,test,578
DS04,test,7,67,23.66397,5.651720758059753e-09,22.941740289503247,False,test,579
DS04,test,7,68,24.588955,1.1605787775259557e-07,25.98528929234738,False,test,580
DS04,test,7,69,18.504951,7.204697816198813e-05,35.0371373236204,False,test,581
DS04,test,7,70,23.66371,4.1177153908833475e-09,22.653358032183117,False,test,582
DS04,test,7,71,23.094032,2.2663915189014008e-10,20.23504295738454,False,test,583
DS04,test,7,72,20.816753,4.4258929854379397e-11,19.027289121782275,False,test,584
DS04,test,7,73,19.18354,0.0001021549482804,35.68126518688169,False,test,585
DS04,test,7,74,18.458841,0.0012282842497228,41.02115008794027,False,test,586
DS04,test,7,75,18.655819,1.0346785206394316e-08,23.507304904275728,False,test,587
DS04,test,7,76,19.509645,7.597163997563605e-06,31.34164737323981,False,test,588
DS04,test,7,77,21.424543,2.0189092619915527e-09,22.02288054194742,False,test,589
DS04,test,7,78,20.587759,2.06261950398412e-05,32.89368783947643,False,test,590
DS04,test,7,79,17.366987,0.0001192404695494,35.97361871859942,False,test,591
DS04,test,7,80,16.553484,2.550863811245918e-05,33.241091400515565,False,test,592
DS04,test,7,81,16.141283,0.928358533520501,90.25899086076218,False,test,593
DS04,test,7,82,14.076025,3.716094321148944e-09,22.561009204748963,False,test,594
DS04,test,7,83,13.319651,0.0001116874641946,35.849371406139994,False,test,595
DS04,test,7,84,16.454866,5.0145271490720233e-08,25.082840619970355,False,test,596
DS04,test,7,85,13.42281,0.7324138419948244,78.99412153155697,False,test,597
DS04,test,7,86,13.241548,0.0003591265708146,38.197214001653336,False,test,598
DS04,test,7,87,11.170572,0.0912451627078958,56.584672225149376,False,test,599
DS04,test,8,1,78.75072,0.0001597308886086,36.53872228473108,False,test,600
DS04,test,8,2,74.177795,1.8887114094923163e-12,16.953239796564745,False,test,601
DS04,test,8,3,78.15657,4.0676662038663375e-10,20.692889537714024,False,test,602
DS04,test,8,4,78.40184,3.8033491013278464e-06,30.337905058828422,False,test,603
DS04,test,8,5,77.52775,1.3395017317563431e-09,21.67117250259667,False,test,604
DS04,test,8,6,78.150826,1.4165335571192372e-12,16.779090635757107,False,test,605
DS04,test,8,7,78.83067,0.0005839573944884,39.26513444928759,False,test,606
DS04,test,8,8,80.444275,0.0003012297321763,37.8250645020096,False,test,607
DS04,test,8,9,80.22823,2.8562850196145465e-08,24.503610734162272,False,test,608
DS04,test,8,10,77.69971,0.001003030803738,40.526770141735206,False,test,609
DS04,test,8,11,75.80347,0.0001238659296985,36.04625022959939,False,test,610
DS04,test,8,12,75.26697,2.6359307823131672e-06,29.827472060503844,False,test,611
DS04,test,8,13,78.0223,6.46636625356578e-08,25.35124593683487,False,test,612
DS04,test,8,14,73.82857,0.0471623603828599,53.18621239980001,False,test,613
DS04,test,8,15,76.634705,0.0033743579858445,43.69446853495009,False,test,614
DS04,test,8,16,77.68503,4.859197488826793e-10,20.83489726694401,False,test,615
DS04,test,8,17,77.30319,0.0074521741431636,46.08312179209885,False,test,616
DS04,test,8,18,73.083015,3.4441782759131456e-11,18.85050433599742,False,test,617
DS04,test,8,19,69.815895,4.7800541302933646e-11,19.08199721391368,False,test,618
DS04,test,8,20,68.24036,4.727733470266672e-07,27.61071441487112,False,test,619
DS04,test,8,21,66.534645,1.1265454967657185e-05,31.93851360377556,False,test,620
DS04,test,8,22,68.82896,0.0001115876339575,35.84767906605936,False,test,621
DS04,test,8,23,65.7993,0.2543180900418523,63.73410019454553,False,test,622
DS04,test,8,24,67.09693,1.0888067585757e-05,31.886127910335432,False,test,623
DS04,test,8,25,60.484867,2.699729328980993e-12,17.172825155677195,False,test,624
DS04,test,8,26,58.029137,5.477251985297471e-11,19.17927582521992,False,test,625
DS04,test,8,27,58.121475,1.5569903144552202e-09,21.79923299559692,False,test,626
DS04,test,8,28,61.401875,7.495162169801617e-07,28.17869026149755,False,test,627
DS04,test,8,29,61.31082,8.243962179577125e-10,21.26513325830817,False,test,628
DS04,test,8,30,57.113766,0.2793866442328624,64.58225675881184,False,test,629
DS04,test,8,31,57.023167,1.3913165064494135e-09,21.7033759698051,False,test,630
DS04,test,8,32,49.44715,0.9996333048387832,119.56577955037028,False,test,631
DS04,test,8,33,50.26762,4.654182828023323e-08,25.004929620808035,False,test,632
DS04,test,8,34,50.672783,0.0004902000815132,38.873883918931256,False,test,633
DS04,test,8,35,55.76588,2.6814550579956628e-11,18.67622660160428,False,test,634
DS04,test,8,36,52.856457,7.927038201627212e-06,31.405126510564617,False,test,635
DS04,test,8,37,51.800354,1.5927348329114466e-10,19.96559919010744,False,test,636
DS04,test,8,38,54.003223,0.0295768351454256,51.119274889801055,False,test,637
DS04,test,8,39,53.220673,3.270781867570349e-08,24.64124103783949,False,test,638
DS04,test,8,40,47.300842,0.021726254045315,49.869744110260605,False,test,639
DS04,test,8,41,43.83888,2.573673718586633e-09,22.2348095310384,False,test,640
DS04,test,8,42,43.46702,4.961856481244807e-10,20.851683264118314,False,test,641
DS04,test,8,43,44.07836,0.00197424813664,42.2309079546973,False,test,642
DS04,test,8,44,48.11622,0.0003880160013578,38.36329161769126,False,test,643
DS04,test,8,45,47.05592,1.3151833959668124e-06,28.897287988677064,False,test,644
DS04,test,8,46,44.88674,9.811729927500236e-05,35.60575713221536,False,test,645
DS04,test,8,47,44.708385,0.006856454486765,45.817555867876166,False,test,646
DS04,test,8,48,42.500946,0.033589966122184,51.6602249542842,False,test,647
DS04,test,8,49,42.345924,0.0002935328218196,37.77087074518569,False,test,648
DS04,test,8,50,43.398582,0.0001023882925158,35.68554615687757,False,test,649
DS04,test,8,51,42.44501,4.881551894386771e-05,34.343740139058966,False,test,650
DS04,test,8,52,38.450424,1.1783178877067255e-09,21.562878668601492,False,test,651
DS04,test,8,53,36.315853,9.88043776228853e-06,31.737630458507084,False,test,652
DS04,test,8,54,35.56445,2.5749330079261057e-07,26.88878004917619,False,test,653
DS04,test,8,55,35.4642,3.4520164504669992e-12,17.32603271065414,False,test,654
DS04,test,8,56,34.588387,0.9955701647279536,107.29519905237824,False,test,655
DS04,test,8,57,33.878006,4.6560855171406956e-10,20.80067284447684,False,test,656
DS04,test,8,58,33.184685,0.0226881398613411,50.04025377986403,False,test,657
DS04,test,8,59,35.095364,7.171497676816685e-06,31.255879529234733,False,test,658
DS04,test,8,60,36.41337,0.0006040536589295,39.34169102909598,False,test,659
DS04,test,8,61,30.060223,1.132217042487671e-05,31.946246794125912,False,test,660
DS04,test,8,62,30.011452,2.8657975992274487e-10,20.417047700735377,False,test,661
DS04,test,8,63,28.13361,0.0008310468813702,40.07874580737744,False,test,662
DS04,test,8,64,27.249262,4.776883333335036e-10,20.821193579657475,False,test,663
DS04,test,8,65,24.610863,2.454670512408441e-07,26.833198721048905,False,test,664
DS04,test,8,66,21.156801,0.0015914782521163,41.67215880043595,False,test,665
DS04,test,8,67,21.27743,1.933272461362989e-05,32.789051960323945,False,test,666
DS04,test,8,68,24.9532,0.0038019716672427,44.035837904771256,False,test,667
DS04,test,8,69,25.550995,1.0247358517290197e-13,15.289837916395946,False,test,668
DS04,test,8,70,22.961014,1.7899710380575584e-08,24.03756219951813,False,test,669
DS04,test,8,71,16.339756,6.577649536154695e-11,19.31113233726769,False,test,670
DS04,test,8,72,19.563364,1.21660625651554e-06,28.7959811457868,False,test,671
DS04,test,8,73,22.590828,0.000508805156492,38.956503339903925,False,test,672
DS04,test,8,74,22.175661,5.988542994828094e-13,16.271331249337784,False,test,673
DS04,test,8,75,20.39767,0.0016361277280128,41.74299929744686,False,test,674
DS04,test,8,76,19.698477,8.04311006685765e-09,23.269332813679725,False,test,675
DS04,test,8,77,19.279842,5.545606996393282e-06,30.878212196558344,False,test,676
DS04,test,8,78,19.39835,0.0019110316720823,42.14550031437919,False,test,677
DS04,test,8,79,18.35883,0.000567956000725,39.20249370007997,False,test,678
DS04,test,8,80,18.60393,2.5818696292034812e-08,24.40175789997964,False,test,679
DS04,test,8,81,19.451233,0.9999999491957652,155.00655922811754,False,test,680
DS04,test,8,82,17.417416,1.1295224311425045e-08,23.591000979424408,False,test,681
DS04,test,8,83,17.410982,1.1177829358777205e-06,28.686468968001652,False,test,682
DS04,test,8,84,15.116121,3.1520681542662743e-06,30.074639520980085,False,test,683
DS04,test,8,85,17.156494,1.1742585911411751e-06,28.750102726959504,False,test,684
DS04,test,8,86,13.447288,7.782486658192145e-05,35.17759098052919,False,test,685
DS04,test,8,87,12.914937,0.9999622702668908,129.54574685645957,False,test,686
DS04,test,8,88,13.467179,1.403146802081423e-07,26.19621140951847,False,test,687
DS04,test,8,89,12.779737,5.591964468032451e-06,30.890319835529656,False,test,688
DS04,test,8,90,12.882641,0.1615720419466511,60.183492289293625,False,test,689
DS04,test,8,91,12.3734865,4.0031191247180686e-05,33.99983629616065,False,test,690
DS04,test,8,92,13.629083,2.960595497691898e-05,33.488540051946515,False,test,691
DS04,test,8,93,12.439991,0.990511146032104,103.1143535653824,False,test,692
DS04,test,8,94,9.577032,0.4795538200610748,70.72423936653819,False,test,693
DS04,test,8,95,8.462062,0.0486682648123353,53.334229301754704,False,test,694
DS04,test,8,96,9.283033,0.0001347192284896,36.20752564151924,False,test,695
DS04,test,8,97,11.760333,0.0142569467514078,48.28759707683594,False,test,696
DS04,test,8,98,11.3948145,0.0007229860180135,39.75348155241287,False,test,697
DS04,test,8,99,11.907253,0.2659343989303073,64.13120254711149,False,test,698
DS04,test,9,1,73.34221,1.3172402812955397e-07,26.12571273819532,False,test,699
DS04,test,9,2,75.994644,2.2895047289139825e-06,29.63505840512258,False,test,700
DS04,test,9,3,75.77417,3.2600037234153945e-06,30.12155471229787,False,test,701
DS04,test,9,4,80.66578,3.825883041819189e-06,30.346246902107936,False,test,702
DS04,test,9,5,82.246445,0.9999998507874176,151.1086574645616,False,test,703
DS04,test,9,6,81.47734,0.0012177808291459,40.9999359458204,False,test,704
DS04,test,9,7,73.859,4.1473213829856803e-07,27.452553397331013,False,test,705
DS04,test,9,8,77.81984,2.0591331797326085e-05,32.890947214334616,False,test,706
DS04,test,9,9,76.75477,0.0450611026953468,52.9737032306393,False,test,707
DS04,test,9,10,78.04657,0.0033491703967252,43.67323148193721,False,test,708
DS04,test,9,11,76.215126,0.0,11.163584096962978,False,test,709
DS04,test,9,12,74.49931,1.0197065414274675e-11,18.0228177454915,False,test,710
DS04,test,9,13,69.640236,3.5095546135899276e-08,24.713257840886094,False,test,711
DS04,test,9,14,71.82349,2.0200555672644782e-09,22.023372702473747,False,test,712
DS04,test,9,15,73.97682,7.920044142739613e-07,28.24788844995922,False,test,713
DS04,test,9,16,75.594894,5.984061024477683e-10,21.002919898013527,False,test,714
DS04,test,9,17,72.07991,6.227773852174322e-10,21.035346060570227,False,test,715
DS04,test,9,18,71.418724,0.3731785769682647,67.5434581801716,False,test,716
DS04,test,9,19,67.85916,0.0004162350184028,38.51522316093988,False,test,717
DS04,test,9,20,67.42616,3.8563354753939915e-07,27.36532553591177,False,test,718
DS04,test,9,21,66.73772,0.484925434570554,70.88430264192964,False,test,719
DS04,test,9,22,68.196266,3.9412917374193063e-14,14.789401661677273,False,test,720
DS04,test,9,23,65.220604,0.0303535826868105,51.22821144590658,False,test,721
DS04,test,9,24,63.529957,3.060884878891557e-13,15.889100942023289,False,test,722
DS04,test,9,25,59.529633,1.4182689891062417e-05,32.29646581145664,False,test,723
DS04,test,9,26,59.5918,8.000719031731053e-08,25.57932543209393,False,test,724
DS04,test,9,27,58.803665,9.003908729710021e-14,15.22108980638752,False,test,725
DS04,test,9,28,60.4695,1.925587103102089e-07,26.55381484909713,False,test,726
DS04,test,9,29,58.890423,4.331773828525343e-10,20.742979377672373,False,test,727
DS04,test,9,30,60.909924,2.859775685060129e-05,33.43069424186287,False,test,728
DS04,test,9,31,54.774067,0.0003302136779078,38.01864276231496,False,test,729
DS04,test,9,32,55.45591,0.9999961046033964,138.7647694955454,False,test,730
DS04,test,9,33,53.829647,1.405909730523014e-06,28.9844850743722,False,test,731
DS04,test,9,34,55.43965,0.0017861384610793,41.96931780724975,False,test,732
DS04,test,9,35,56.139336,4.567679567912819e-12,17.502766825816554,False,test,733
DS04,test,9,36,54.704395,7.002731727823175e-11,19.3565140170315,False,test,734
DS04,test,9,37,49.216705,7.598788414675539e-05,35.13398935995434,False,test,735
DS04,test,9,38,46.96681,5.7122672147968964e-09,22.951535900755545,False,test,736
DS04,test,9,39,47.522198,0.0058831104210941,45.33889527685227,False,test,737
DS04,test,9,40,44.700966,3.4152187661229405e-06,30.18656528329274,False,test,738
DS04,test,9,41,43.84569,4.167777234442838e-13,16.06353643977237,False,test,739
DS04,test,9,42,49.547188,3.859635670733219e-06,30.35865736127562,False,test,740
DS04,test,9,43,48.895214,6.839974155714579e-05,34.94313128037849,False,test,741
DS04,test,9,44,46.29867,3.465256694923369e-07,27.2378895955858,False,test,742
DS04,test,9,45,44.70552,1.2039579888600828e-08,23.65217628368586,False,test,743
DS04,test,9,46,43.66563,7.690030953577676e-06,31.35977052758679,False,test,744
DS04,test,9,47,40.295406,0.0002032761033677,37.01751613257253,False,test,745
DS04,test,9,48,40.858326,1.9984014443252818e-15,13.346499872704646,False,test,746
DS04,test,9,49,43.037178,7.203868097604982e-07,28.12910945813616,False,test,747
DS04,test,9,50,40.331863,4.669077346974858e-10,20.80290386253394,False,test,748
DS04,test,9,51,40.03968,8.752447044901858e-08,25.6764504227956,False,test,749
DS04,test,9,52,38.454075,0.0001882300195372,36.86349119562687,False,test,750
DS04,test,9,53,35.17047,1.2802618584606408e-05,32.13648872327019,False,test,751
DS04,test,9,54,35.511837,0.0040219115590672,44.1988485050512,False,test,752
DS04,test,9,55,36.513527,3.903969370000482e-10,20.66027332896914,False,test,753
DS04,test,9,56,39.98404,1.2662735304758144e-09,21.623592653911903,False,test,754
DS04,test,9,57,35.828762,3.5860203695392556e-14,14.74196114434603,False,test,755
DS04,test,9,58,33.60574,1.5504264538890313e-12,16.833496912757198,False,test,756
DS04,test,9,59,28.21452,1.4730439090726577e-12,16.802609300929703,False,test,757
DS04,test,9,60,28.174145,3.781587931683816e-09,22.576692577472187,False,test,758
DS04,test,9,61,28.404655,5.145399661898864e-09,22.855719572135555,False,test,759
DS04,test,9,62,24.847797,6.294964549624639e-14,15.03257580960038,False,test,760
DS04,test,9,63,23.568611,9.559238403289427e-06,31.687362871765664,False,test,761
DS04,test,9,64,19.308138,2.707293995651838e-07,26.94721972092927,False,test,762
DS04,test,9,65,20.286423,1.818173634626774e-05,32.69041374844287,False,test,763
DS04,test,9,66,20.687372,0.0018717216594331,42.09115016944776,False,test,764
DS04,test,9,67,20.390705,7.359614917490376e-09,23.18625160253897,False,test,765
DS04,test,9,68,17.85705,0.0060350939596119,45.41781418930248,False,test,766
DS04,test,9,69,18.60506,4.167992345704974e-07,27.458530864860915,False,test,767
DS04,test,9,70,17.921934,0.0001325988137936,36.17696001254968,False,test,768
DS04,test,9,71,16.76132,0.0390589855423731,52.32284210769437,False,test,769
DS04,test,9,72,15.029024,0.0237942622710103,50.22942469569608,False,test,770
DS04,test,9,73,15.85979,0.6467856813004188,75.92487747698017,False,test,771
DS04,test,10,1,78.18786,7.783279576401013e-10,21.21773655216745,False,test,772
DS04,test,10,2,73.77918,1.4640412215882748e-09,21.74671355620013,False,test,773
DS04,test,10,3,69.99217,1.071767325999673e-07,25.897587545328093,False,test,774
DS04,test,10,4,70.80183,1.7306829303009863e-09,21.889888523611575,False,test,775
DS04,test,10,5,73.85628,1.999443735622997e-05,32.8433548453266,False,test,776
DS04,test,10,6,76.40889,1.67245605031674e-07,26.39366298046997,False,test,777
DS04,test,10,7,76.4566,3.319432791115684e-05,33.680810874169595,False,test,778
DS04,test,10,8,73.597786,7.470276786047948e-08,25.505504824339383,False,test,779
DS04,test,10,9,69.290695,3.132543668904475e-09,22.408472732892516,False,test,780
DS04,test,10,10,67.9787,1.4865175756995086e-10,19.913452490124072,False,test,781
DS04,test,10,11,68.86184,1.8449919370056023e-09,21.94496975347222,False,test,782
DS04,test,10,12,67.37962,1.2869091570166802e-08,23.71629099968549,False,test,783
DS04,test,10,13,65.69568,6.976619247800464e-05,34.97887100532133,False,test,784
DS04,test,10,14,64.065834,0.0004692275797839,38.77735173725395,False,test,785
DS04,test,10,15,65.2435,1.5019460557486042e-06,29.07127584504326,False,test,786
DS04,test,10,16,67.12679,8.618114533121003e-08,25.659682491794435,False,test,787
DS04,test,10,17,68.11271,1.2631611317814873e-05,32.11557624040387,False,test,788
DS04,test,10,18,65.44023,2.274967503268499e-08,24.27503010724992,False,test,789
DS04,test,10,19,66.6765,0.0001162581948567,35.925431538200854,False,test,790
DS04,test,10,20,61.454853,0.0002388288247722,37.34439057884673,False,test,791
DS04,test,10,21,56.7104,3.567339867949215e-08,24.72999425026256,False,test,792
DS04,test,10,22,57.944393,0.9999997410300724,149.08293977866327,False,test,793
DS04,test,10,23,59.23826,1.7814204666954936e-08,24.03285448750477,False,test,794
DS04,test,10,24,58.17506,4.850321063121221e-06,30.68446018269251,False,test,795
DS04,test,10,25,54.360424,6.228112751083259e-07,27.94824351197289,False,test,796
DS04,test,10,26,54.732067,5.76523483508673e-07,27.853019397178453,False,test,797
DS04,test,10,27,52.742252,0.9999999999999528,200.4542174615025,False,test,798
DS04,test,10,28,54.213875,4.531448838385188e-08,24.97709654888709,False,test,799
DS04,test,10,29,53.85691,2.197909579537693e-05,32.9969009162609,False,test,800
DS04,test,10,30,52.7819,1.2975560657157992e-05,32.15737899984474,False,test,801
DS04,test,10,31,54.85918,6.982414646472535e-12,17.77509837048774,False,test,802
DS04,test,10,32,49.391094,0.0035887702277677,43.869973010108026,False,test,803
DS04,test,10,33,47.282516,1.1459141413538987e-09,21.53942549774344,False,test,804
DS04,test,10,34,46.250195,8.360379543104202e-06,31.484923365533117,False,test,805
DS04,test,10,35,45.20285,1.8540724511240114e-14,14.410267572476656,False,test,806
DS04,test,10,36,45.242374,0.0701172987645247,55.14946767576721,False,test,807
DS04,test,10,37,45.275692,0.9627588217978152,94.7925114502282,False,test,808
DS04,test,10,38,46.281082,1.7165957544307275e-10,20.02239531388365,False,test,809
DS04,test,10,39,42.601665,0.0001083213713253,35.79154174108861,False,test,810
DS04,test,10,40,45.53743,4.482809586336956e-05,34.195261635801685,False,test,811
DS04,test,10,41,46.038307,3.6838516681569904e-09,22.553192212055304,False,test,812
DS04,test,10,42,43.46087,1.772348233730625e-07,26.459404033797057,False,test,813
DS04,test,10,43,40.369926,5.864470238858832e-05,34.66737432705061,False,test,814
DS04,test,10,44,42.94326,2.581299646786661e-05,33.26067631684032,False,test,815
DS04,test,10,45,38.85403,2.400378722455798e-07,26.80726950142415,False,test,816
DS04,test,10,46,43.08303,4.449816182705568e-05,34.18244436962291,False,test,817
DS04,test,10,47,37.885845,5.205218367443365e-09,22.86628815009443,False,test,818
DS04,test,10,48,34.647778,1.8173182833036703e-06,29.32399409069777,False,test,819
DS04,test,10,49,34.949165,0.0009733114478419,40.45443226004485,False,test,820
DS04,test,10,50,33.056652,1.0662903893177143e-10,19.66498336926936,False,test,821
DS04,test,10,51,32.594357,1.1200331773153491e-09,21.520238528145065,False,test,822
DS04,test,10,52,30.078814,0.0046042411388543,44.59651423075744,False,test,823
DS04,test,10,53,28.940647,0.0001067207699781,35.763472734328005,False,test,824
DS04,test,10,54,25.62088,0.0001484770819107,36.39593647718157,False,test,825
DS04,test,10,55,22.334715,0.0050178818268611,44.85384238074244,False,test,826
DS04,test,10,56,20.704039,0.0013036265299175,41.16884395699533,False,test,827
DS04,test,10,57,25.604988,3.3005103206029673e-08,24.65047155937124,False,test,828
DS04,test,10,58,23.860786,1.9358600904961776e-05,32.79120717740229,False,test,829
DS04,test,10,59,22.948215,2.904770646239285e-09,22.34153202217328,False,test,830
DS04,test,10,60,25.20854,1.1102230246251563e-16,11.921758352519406,False,test,831
DS04,test,10,61,22.940506,9.107599030500069e-08,25.719647909087914,False,test,832
DS04,test,10,62,19.923265,1.7752466163756253e-13,15.587185813802892,False,test,833
DS04,test,10,63,19.05123,2.979880300291171e-07,27.05961416187353,False,test,834
DS04,test,10,64,20.659985,0.0049952171377013,44.840215641230685,False,test,835
DS04,test,10,65,24.246134,2.7755575615628917e-15,13.50217803315558,False,test,836
DS04,test,10,66,21.978722,3.5097825068497457e-07,27.253056568677465,False,test,837
DS04,test,10,67,22.704136,1.9449775123803192e-11,18.455788504124197,False,test,838
DS04,test,10,68,23.638084,1.3522336583804415e-09,21.679193276569304,False,test,839
DS04,test,10,69,21.43308,9.793676980507371e-11,19.602067807732773,False,test,840
DS04,test,10,70,17.194946,7.484218665587683e-06,31.31932933495171,False,test,841
DS04,test,10,71,17.10183,6.836140322930007e-06,31.18494416607953,False,test,842
DS04,test,10,72,16.491539,0.274061215932819,64.40475685198695,False,test,843
DS04,test,10,73,17.61453,1.3940106846632716e-08,23.79355060788833,False,test,844
DS04,test,10,74,17.198399,0.0004051203488464,38.4565072772113,False,test,845
DS04,test,10,75,20.15572,0.0002868225737312,37.72257967234425,False,test,846
DS04,test,10,76,19.111076,0.0006931631440818,39.65618038538055,False,test,847
DS04,test,10,77,18.296711,1.4916557988797763e-09,21.762638236384547,False,test,848
DS04,test,10,78,12.381721,9.881077205342592e-07,28.52825758588212,False,test,849
DS04,test,10,79,14.966541,7.313242397888331e-06,31.284947932609334,False,test,850
DS04,test,10,80,13.903465,0.0090402943687519,46.71341388379717,False,test,851
DS04,test,10,81,15.051177,0.0036375557352237,43.9086530785672,False,test,852
DS04,test,10,82,13.76232,2.031720724993136e-08,24.16260436958127,False,test,853
DS04,test,10,83,15.851699,0.0025606082973677,42.92721384878971,False,test,854
DS04,test,10,84,14.085216,0.0002357562591737,37.31792579750231,False,test,855
DS04,test,10,85,12.943859,0.2252565129230441,62.70393019558585,False,test,856
